player_id,player,club_id,season,league_apps,league_starts,league_min,league_goals,league_assists,cl_apps,cl_starts,cl_min,cl_goals,cl_assists,reason,source,note
7980,David Villa,131,2010,34,32,2762,18,6,12,12,942,4,,no appearance data before 2012/13,StatMuse; La Liga assists FBref,FBref minutes 2744
7980,David Villa,131,2011,15,8,893,5,1,4,4,330,3,,no appearance data before 2012/13,StatMuse; La Liga assists FBref,broke his leg at the Club World Cup in December 2011
34495,Adriano,131,2010,15,11,945,0,1,6,5,423,0,,no appearance data before 2012/13,StatMuse; La Liga assists FBref,
34495,Adriano,131,2011,26,20,1726,1,4,7,5,447,0,,no appearance data before 2012/13,StatMuse; La Liga assists FBref,
19981,Javier Mascherano,131,2010,27,18,1538,0,,11,10,879,0,,no appearance data before 2012/13,StatMuse,
19981,Javier Mascherano,131,2011,31,30,2737,0,,10,10,900,0,,no appearance data before 2012/13,StatMuse,
15760,Ibrahim Afellay,131,2010,16,7,661,1,0,6,1,120,0,,no appearance data before 2012/13,StatMuse; La Liga assists FBref,joined January 2011
15760,Ibrahim Afellay,131,2011,4,1,114,0,0,1,0,6,0,,no appearance data before 2012/13,StatMuse; La Liga assists FBref,
40433,Alexis Sánchez,131,2011,25,20,1674,11,,6,4,357,2,,no appearance data before 2012/13,StatMuse,
8806,Cesc Fàbregas,131,2011,28,23,1940,9,7,9,7,661,1,0,no appearance data before 2012/13,StatMuse; assists FBref,FBref minutes 1931
69751,Jordi Alba,131,2020,35,34,3029,3,5,7,6,485,0,2,missing from the dataset,StatMuse,
74857,Marc-André ter Stegen,131,2020,31,31,2790,0,0,5,5,450,0,0,missing from the dataset,StatMuse,
326330,Frenkie de Jong,131,2020,37,35,3159,3,4,7,6,585,0,1,missing from the dataset,StatMuse,
