player,group,sub_position,signing_season,from_club,age_at_signing,ongoing,exit_to,seasons,liga_minutes,liga_goals,liga_assists,eu_minutes,eu_goals,eu_assists,avg_score,avg_eu_score,trophy_pts,trophies,fee_eur,fee_adj,piv_mean_eur,fair_fee_mean_eur,fair_fee_lo_eur,fair_fee_hi_eur,fee_to_fair,market_verdict,perf_value_adj,recovered_adj,balance_adj,balance_lo,balance_hi,balance_verdict,wages_adj,wage_source,net_total_cost_adj,value_delivered_eur,net_total_cost_adj_fair,net_total_cost_adj_verdict,verdict,partial_data,seasons_covered,source,confidence,pre_fair_eur,pre_lo_eur,pre_hi_eur,pre_ratio,pre_verdict,pre_seasons,tm_fair_eur,tm_ratio,tm_verdict,decision,decision_source,decision_note,decision_outcome
David Villa,FW,Centre-Forward,2010,Valencia,28.57494866529774,False,Atlético Madrid,3,1412,10,6,485.0,1.0,1.0,0.4819438102533425,-0.552111156545749,0.606742944317315,2012/13: La Liga (30%),40000000.0,126.38372500876886,37111680.32349642,46389600.40437053,17049575.20592431,126219861.7669611,2.7243977940551907,Overpaid,44.10502201568876,14.313262020978295,-67.96544097210182,-95.86053914148414,7.933368334812002,Break-even,103.17884683098568,Capology payroll share (pre-2013 extrapolated),215.24930981877625,111335040.97048926,60.55437958168561,Overpaid,Leaning bad deal,True,1,curated,high,,,,,No data,,177727113.2935812,0.7111111111111111,Fair price,Fair price,market value only,,"Sound buy, went wrong"
Adriano,FB,Left-Back,2010,Sevilla,25.678302532511978,False,Beşiktaş,6,4937,8,6,1213.0,1.0,3.0,0.030596257006590175,-0.8233373804969253,1.8275464483318837,"2012/13: La Liga (27%) | 2014/15: Copa del Rey (26%), Champions League (8%), La Liga (17%) | 2015/16: Copa del Rey (26%), La Liga (8%), Club World Cup (5%)",9500000.0,30.016134689582604,16137864.25625721,20172330.32032151,7413938.897448793,54886196.95694939,1.4879854837269093,Fair price,35.52888315042578,0.0,5.512748460843174,-16.958200153060687,66.65317655455486,Break-even,111.54262803086797,Capology payroll share (pre-2013 extrapolated),141.55876272045057,116050756.41674182,62.761981263465984,Fair price,Fair deal,True,4,curated,medium,,,,,No data,,78989828.13048053,0.38000000000000006,Bargain,Bargain,market value only,,"Sound buy, broke even"
Javier Mascherano,MID,Defensive Midfield,2010,Liverpool,26.220396988364133,False,Hebei China Fortune,8,11654,1,3,3933.0,0.0,1.0,-0.1721930092533183,-0.34185639356812914,6.778490952502487,"2012/13: La Liga (34%) | 2013/14: Supercopa (60%) | 2014/15: Copa del Rey (45%), Champions League (57%), La Liga (39%) | 2015/16: Copa del Rey (37%), La Liga (47%), Club World Cup (57%), UEFA Super Cup (60%) | 2016/17: Copa del Rey (23%), Supercopa (56%) | 2017/18: Copa del Rey (13%), La Liga (9%)",22000000.0,69.51104875482288,27566253.308560982,34457816.635701224,12664285.336395964,93755083.35139146,2.0172795476194954,Fair price,104.15811940820781,7.259548695907004,41.90661934929193,-23.97025437716664,221.1487301438005,Break-even,194.87760068315836,Capology payroll share (pre-2013 extrapolated),257.12910074207423,275219151.5053089,90.22203918346321,Overpaid,Fair deal,True,6,curated,medium,,,,,No data,,102686776.56962469,0.6769230769230771,Fair price,Fair price,market value only,,"Sound buy, broke even"
Ibrahim Afellay,AM,Attacking Midfield,2010,PSV Eindhoven,24.750171115674195,False,Stoke City,3,3,0,0,0.0,0.0,0.0,-0.4108502041618943,-0.7500000000000001,0.0,,3000000.0,9.478779375657664,8762712.210615445,10953390.263269305,4025700.7912457613,29802701.313615456,0.8653740209954405,Fair price,6.922434381071427,0.0,-2.5563449945862375,-6.934576266354016,9.356233279191079,Break-even,29.75712497760125,Capology payroll share,39.23590435325892,26288136.631846335,47.45010169071474,Fair price,Fair deal,True,1,curated,medium,,,,,No data,,39494914.065240264,0.24000000000000002,Bargain,Bargain,market value only,,"Sound buy, broke even"
Alexis Sánchez,FW,Second Striker,2011,Udinese,22.584531143052704,False,Arsenal,3,4084,27,22,986.0,1.0,4.0,0.7262561102370911,-0.44033705573837545,0.981094584286804,2012/13: La Liga (36%) | 2013/14: Supercopa (52%),26000000.0,77.75399767609142,89812453.16428432,112265566.4553554,41260976.6333737,305459502.89861786,0.6925899020605915,Fair price,63.42964465334286,104.49640615048676,90.17205312773822,50.054713115422956,199.32593819408933,Profit,49.88680190925424,Capology payroll share (pre-2013 extrapolated),23.144393434858888,270367740.07910967,94.66809105968773,Fair price,Good deal (resale),True,2,dataset,dataset,,,,,No data,,93454324.12991756,0.8320000000000001,Fair price,Fair price,market value only,,"Smart buy, paid off"
Cesc Fàbregas,MID,Central Midfield,2011,Arsenal,24.281998631074607,False,Chelsea,3,4786,19,26,1091.0,2.0,1.0,1.0745073934469862,-0.3236184643008849,1.169298245614035,2012/13: La Liga (49%) | 2013/14: Supercopa (39%),34000000.0,101.67830465335031,103430485.51225276,129288106.89031595,47517272.88968731,351775545.32826555,0.7864474706835258,Fair price,74.95653173602967,81.13838595214267,54.41661303482205,7.008864083484909,183.40672002347412,Profit,94.5455220504032,Capology payroll share (pre-2013 extrapolated),115.08544075161085,311670907.23383033,100.45050867268893,Fair price,Good deal (resale),True,2,curated,high,,,,,No data,,201861340.12062192,0.5037037037037038,Bargain,Bargain,market value only,,"Smart buy, paid off"
Jordi Alba,FB,Left-Back,2012,Valencia,23.279945242984258,False,Inter Miami,11,22572,14,60,6411.0,4.0,12.0,0.5569491904425877,-0.0551586619167113,9.661685446778108,"2012/13: La Liga (46%) | 2013/14: Supercopa (60%) | 2014/15: Copa del Rey (40%), Champions League (52%), La Liga (42%) | 2015/16: Copa del Rey (22%), La Liga (48%), Club World Cup (55%) | 2016/17: Copa del Rey (40%), Supercopa (10%) | 2017/18: Copa del Rey (40%), La Liga (52%) | 2018/19: La Liga (57%), Supercopa (60%) | 2022/23: La Liga (28%), Supercopa (26%)",14000000.0,39.69947534102833,30919038.647842355,38648798.30980294,14204597.316158477,105158180.66117448,1.027185244488155,Fair price,143.01540629170606,0.0,103.31593095067772,12.862993486500855,349.42620488328873,Profit,130.52531513150683,Capology actual + payroll share (pre-2013 extrapolated),170.22479047253515,489078275.25519747,131.97669972457678,Fair price,Good deal,False,11,curated,high,,,,,No data,,35445960.12591816,1.1199999999999999,Fair price,Fair price,market value only,,"Smart buy, paid off"
Alex Song,MID,Defensive Midfield,2012,Arsenal,24.947296372347708,False,Rubin Kazan,2,2662,1,0,557.0,0.0,0.0,-0.3199738778228242,-1.223546618993094,0.5479214340198322,2012/13: La Liga (27%) | 2013/14: Supercopa (0%),19000000.0,53.877859391395596,24022791.018451717,30028488.773064647,11036373.954374153,81703478.12803914,1.794224804270659,Fair price,12.1729840368415,0.0,-41.7048753545541,-49.4039211593885,-20.756807495531383,Loss,30.970681727219986,Capology payroll share (pre-2013 extrapolated),84.84854111861559,51371705.50241698,51.31436797350943,Fair price,Bad deal,False,2,curated,high,,,,,No data,,88614900.31479539,0.608,Bargain,Bargain,market value only,,"Sound buy, went wrong"
Neymar,AM,Attacking Midfield,2013,Santos,21.401779603011637,False,PSG,4,10016,68,49,3407.0,21.0,19.0,1.040125046956119,0.9691006580350415,6.569062664626931,"2013/14: Supercopa (80%) | 2014/15: Copa del Rey (47%), Champions League (65%), La Liga (56%) | 2015/16: Copa del Rey (44%), La Liga (68%), Club World Cup (43%) | 2016/17: Copa del Rey (49%)",88000000.0,246.97393291099803,225557321.6530754,281946652.06634426,103623885.66750449,767138909.136166,0.8759597998449832,Fair price,268.5710091596168,293.02178372570086,314.6188599743196,144.75578489655067,776.7934350673829,Profit,78.56507763827783,Capology payroll share,32.51722682357499,1119718078.6032093,362.12026463237197,Bargain,Good deal,False,4,dataset,dataset,,,,,No data,,175407622.80610654,1.4080000000000001,Fair price,Fair price,market value only,,"Smart buy, paid off"
Claudio Bravo,GK,Goalkeeper,2014,Real Sociedad,31.21697467488022,False,Man City,3,6298,0,0,0.0,0.0,0.0,0.23569443251027064,-3.0,2.9282456140350877,"2014/15: La Liga (58%) | 2015/16: La Liga (50%), Club World Cup (60%) | 2016/17: Supercopa (60%)",12000000.0,29.50486761896097,14740105.095198665,18425131.36899833,6771790.6646416355,50132303.666361466,1.6013382498105349,Fair price,36.313196006333456,34.86967741935484,41.67800580672733,18.71100293162684,104.16813080947408,Profit,80.33339434248137,Capology payroll share,74.9685845420875,74854359.22093698,56.0357292974981,Fair price,Good deal,False,3,dataset,dataset,15449954.59812752,5520980.426653373,43235273.20108504,1.9097057814355556,Fair price,"2012/13, 2013/14",12293694.841233736,2.4000000000000004,Overpaid,Fair price,stats + market value,"stats: fair price, market value: overpaid","Smart buy, paid off"
Marc-André ter Stegen,GK,Goalkeeper,2014,Mönchengladbach,22.168377823408623,True,,11,23195,0,2,6750.0,0.0,0.0,0.24725089400505978,-0.046785117605068254,5.330994152046783,"2015/16: Copa del Rey (49%), La Liga (10%), UEFA Super Cup (60%) | 2016/17: Copa del Rey (7%) | 2017/18: La Liga (58%) | 2018/19: La Liga (55%), Supercopa (60%) | 2022/23: La Liga (59%), Supercopa (60%) | 2024/25: La Liga (12%)",12000000.0,29.50486761896097,27315056.42577251,34143820.53221564,12548882.312138822,92900742.19665322,0.8641349198494734,Fair price,132.25046821965904,3.0,105.74560060069807,22.101162272974552,333.33086435101285,Profit,120.3007162788997,Capology actual + payroll share,146.80558389786069,474560449.7835211,130.54250365423795,Fair price,Good deal,False,11,dataset,dataset,15915322.721715784,5687277.892785126,44537562.98029601,1.853865493955886,Fair price,"2012/13, 2013/14",61468474.20616869,0.48,Bargain,Fair price,stats + market value,"stats: fair price, market value: bargain","Smart buy, paid off"
Ivan Rakitic,MID,Central Midfield,2014,Sevilla FC,26.308008213552363,False,Sevilla FC,6,14022,24,29,4305.0,6.0,6.0,0.6513214761907696,0.1259287398112853,7.766084522817271,"2014/15: Copa del Rey (34%), Champions League (49%), La Liga (40%) | 2015/16: Copa del Rey (32%), La Liga (48%), Club World Cup (52%), UEFA Super Cup (60%) | 2016/17: Copa del Rey (39%), Supercopa (36%) | 2017/18: Copa del Rey (40%), La Liga (52%) | 2018/19: La Liga (50%), Supercopa (30%)",18000000.0,44.25730142844145,59228806.46676874,74036008.08346093,27210462.620119125,201442017.7068748,0.5977807633624724,Fair price,126.22381370605846,4.057309540150995,86.02382181776801,6.191060972713892,303.2380239342463,Profit,97.44276300627239,Capology actual + payroll share,137.64275489456284,425022426.6633937,121.40957152220687,Fair price,Good deal,False,6,dataset,dataset,32138102.96080925,11484424.518496841,89935517.47029668,1.3770975057989867,Fair price,"2012/13, 2013/14",61468474.20616869,0.7199999999999999,Fair price,Fair price,stats + market value,,"Smart buy, paid off"
Luis Suárez,FW,Centre-Forward,2014,Liverpool,27.460643394934976,False,Atlético,6,15923,144,76,4799.0,25.0,22.0,1.2901409042030993,0.38885029548293965,10.034037409524277,"2014/15: Copa del Rey (46%), Champions League (55%), La Liga (50%) | 2015/16: Copa del Rey (33%), La Liga (76%), Club World Cup (93%), UEFA Super Cup (76%) | 2016/17: Copa del Rey (48%), Supercopa (38%) | 2017/18: Copa del Rey (47%), La Liga (66%) | 2018/19: La Liga (61%), Supercopa (60%)",81720000.0,200.9281484851242,153420497.67635304,191775622.09544128,70483316.58556595,521795667.56688535,1.0477251815933517,Fair price,383.6726969189663,10.433081674673987,193.1776301085161,-49.48379610410842,853.4267248570341,Break-even,198.09049701781242,Capology actual + payroll share,388.5855638282627,1133354434.8706899,185.79464576018373,Overpaid,Fair deal,False,6,dataset,dataset,192653349.49981037,68843915.68675376,539122632.7446891,1.0429517524963767,Fair price,"2012/13, 2013/14",159818032.93603858,1.2572307692307692,Fair price,Fair price,stats + market value,,"Sound buy, broke even"
Jérémy Mathieu,FB,Left-Back,2014,Valencia,30.732375085557837,False,Sporting CP,3,4407,3,2,674.0,0.0,0.0,-0.09263497007895428,-1.308782106267076,2.781239149567323,"2014/15: Copa del Rey (26%), Champions League (17%), La Liga (38%) | 2015/16: Copa del Rey (46%), La Liga (23%), Club World Cup (1%), UEFA Super Cup (60%) | 2016/17: Supercopa (9%)",20000000.0,49.17477936493495,11656832.389162425,14571040.48645303,5355296.196492855,39645840.87746576,3.374829643130404,Overpaid,19.06402739977121,0.0,-30.11075196516374,-42.168175168155145,2.6958744485430657,Break-even,59.17936691560883,Capology payroll share,108.35414628054377,42522604.18023616,49.10890927089591,Fair price,Fair deal,False,3,curated,high,12793989.734556258,4571881.843060564,35802800.45434292,3.8435844005810837,Overpaid,"2012/13, 2013/14",36881084.52370121,1.3333333333333333,Fair price,Fair price,stats + market value,"stats: overpaid, market value: fair price","Sound buy, broke even"
Thomas Vermaelen,CB,Centre-Back,2014,Arsenal,28.736481861738536,False,Vissel Kobe,4,2173,1,1,451.0,0.0,0.0,-0.5951875995603946,-2.4684939660154845,1.3942538796486164,"2014/15: La Liga (1%) | 2015/16: Copa del Rey (29%), La Liga (9%), Club World Cup (3%) | 2017/18: Copa del Rey (30%), La Liga (18%) | 2018/19: La Liga (10%)",19000000.0,46.7160403966882,7833358.446320077,9791698.057900097,3598743.9205478113,26641893.10877385,4.770984574937639,Overpaid,13.547439851124661,0.0,-33.168600545563535,-41.73694826017295,-9.85527913985971,Loss,39.09297386841699,Capology actual + payroll share,85.80901426510519,33401116.51913514,47.80636254629564,Fair price,Bad deal,False,4,curated,high,52589228.16778569,18792553.56532515,147166105.4294604,0.8883195670345435,Fair price,"2012/13, 2013/14",46101355.65462652,1.0133333333333332,Fair price,Fair price,stats + market value,,"Sound buy, went wrong"
Douglas,FB,Right-Back,2014,São Paulo,24.041067761806982,False,Sivasspor,2,112,0,0,0.0,0.0,0.0,-0.6692373947014262,-1.5,0.24884072927416578,"2014/15: Copa del Rey (13%), La Liga (2%) | 2015/16: Copa del Rey (8%), La Liga (0%)",4000000.0,9.834955872986988,7851650.235500034,9814562.794375043,3607147.3997908924,26704104.980660036,1.002077838721826,Fair price,3.6883235153519123,0.0,-6.146632357635076,-8.47938590448933,0.20047621096109225,Break-even,3.3877208722366454,Capology payroll share,13.222676745223634,15722233.537486643,46.02734349135093,Fair price,Fair deal,False,2,curated,medium,,,,,No data,,6146847.420616868,1.6,Fair price,Fair price,market value only,,"Sound buy, broke even"
Aleix Vidal,AM,Right Winger,2015,Sevilla,25.859000684462696,False,Sevilla,3,1469,3,4,202.0,0.0,1.0,-0.21903579945214516,-0.7435968571323137,1.3209652920179236,"2015/16: Copa del Rey (26%), La Liga (10%) | 2016/17: Copa del Rey (21%), Supercopa (30%) | 2017/18: Copa del Rey (33%), La Liga (9%)",17000000.0,38.10617120106171,15889370.074821383,19861712.59352673,7299777.528367847,54041047.91068359,1.918574293209799,Fair price,12.32724021142999,9.200672915164624,-16.5782580744671,-24.3748662641893,4.635263908472417,Break-even,16.594383473834746,Capology actual + payroll share,45.499881759731835,47671801.44569082,51.40443783095078,Fair price,Fair deal,False,3,curated,high,25873975.56908617,9245963.26606327,72405934.62088355,1.4727605774889259,Fair price,"2013/14, 2014/15",28019243.530192435,1.3599999999999999,Fair price,Fair price,stats + market value,,"Sound buy, broke even"
Arda Turan,AM,Left Winger,2015,Atlético Madrid,28.42984257357974,False,Galatasaray,2,2055,5,6,217.0,4.0,1.0,-0.009462408097608288,-0.4340535735853054,1.2613868003341686,"2015/16: Copa del Rey (25%), La Liga (16%) | 2016/17: Copa del Rey (30%), Supercopa (79%)",34000000.0,76.21234240212343,20705892.469939917,25882365.587424897,9512548.820068156,70422434.73041295,2.944566335897506,Overpaid,12.999992458064403,0.0,-63.21234994405902,-71.43445366934323,-40.841111852057374,Loss,48.55949025206597,Capology payroll share,124.7718326541894,41426766.05337888,48.550677722539994,Fair price,Bad deal,False,2,curated,medium,44919729.758885436,16051888.514897153,125703721.38696767,1.696634036117461,Fair price,"2012/13, 2013/14",98067352.35567352,0.7771428571428571,Fair price,Fair price,stats + market value,,"Sound buy, went wrong"
Denis Suárez,AM,Attacking Midfield,2016,Villarreal,22.491444216290212,False,Celta de Vigo,3,1784,3,6,284.0,0.0,2.0,-0.19712180075539298,-0.6394081943688028,1.0843115364167994,"2016/17: Copa del Rey (32%), Supercopa (43%) | 2017/18: Copa del Rey (31%), La Liga (12%) | 2018/19: La Liga (0%)",3250000.0,6.2959139784946245,17838147.890403587,22297684.863004483,8195070.698517557,60669000.737211175,0.28235729481227795,Bargain,13.69407923911029,14.056838709677418,21.455003970293085,12.793911258936987,45.02067203487954,Profit,22.843787233725845,Capology actual + payroll share,15.082862502543051,57417422.25300428,53.870962411741004,Fair price,Good deal,False,3,dataset,dataset,29695708.341618855,10611644.420596233,83100701.35773963,0.21201427176164825,Bargain,"2014/15, 2015/16",29058064.51612903,0.2166666666666667,Bargain,Bargain,stats + market value,,"Smart buy, paid off"
Lucas Digne,FB,Left-Back,2016,PSG,22.981519507186857,False,Everton,2,1877,0,2,554.0,1.0,0.0,-0.26727799611161995,-1.0393736208735422,0.9872922204501151,"2016/17: Copa del Rey (22%), Supercopa (49%) | 2017/18: Copa del Rey (26%), La Liga (13%)",16500000.0,31.96387096774194,16991941.258442327,21239926.57305291,7806312.671782751,57790982.73367678,1.5048955493233436,Fair price,8.038975797712423,21.865128574861814,-2.0597665951677016,-7.144176687485729,11.774229244953005,Break-even,16.157754697027297,Capology actual + payroll share,26.256497089907423,34014297.76875479,49.20526325443251,Fair price,Fair deal,False,2,dataset,dataset,35369046.18680393,12638989.355373893,98977014.14175002,0.903724426124546,Fair price,"2014/15, 2015/16",29058064.51612903,1.1,Fair price,Fair price,stats + market value,,"Sound buy, broke even"
Samuel Umtiti,CB,Centre-Back,2016,Olympique Lyon,22.663928815879533,False,LOSC Lille,6,7187,2,1,1914.0,0.0,0.0,-0.10310452257232006,-1.4375241727281078,2.3733244727981573,"2016/17: Copa del Rey (58%), Supercopa (30%) | 2017/18: Copa del Rey (27%), La Liga (39%) | 2018/19: La Liga (21%) | 2020/21: Copa del Rey (17%)",25000000.0,48.43010752688173,17982172.255996652,22477715.319995813,8261237.31321298,61158839.39064238,2.154583187722779,Fair price,37.586897435972354,0.0,-10.843210090909373,-34.615790761790606,53.838783717337975,Break-even,209.76530066579065,Capology actual + payroll share,258.19540819267235,156978924.22592115,68.57778903006665,Overpaid,Fair deal,False,6,dataset,dataset,18129800.164270855,6478612.685257183,50734573.89177871,2.6712984747799333,Fair price,"2014/15, 2015/16",36322580.64516129,1.3333333333333333,Fair price,Fair price,stats + market value,,"Sound buy, broke even"
André Gomes,MID,Central Midfield,2016,Valencia,22.976043805612594,False,Everton,2,2221,3,2,637.0,0.0,0.0,-0.3465712526412101,-1.051217504308657,1.0125730994152047,"2016/17: Copa del Rey (39%), Supercopa (30%) | 2017/18: Copa del Rey (25%), La Liga (11%)",37000000.0,71.67655913978494,24691158.861762896,30863948.57720362,11343430.592888596,83976651.8581655,2.3223392483463985,Fair price,12.991095105538912,27.241935483870968,-31.443528550375063,-39.66000496813728,-9.087601605082014,Loss,25.18836679745691,Capology actual + payroll share,69.6229904533709,54662669.93656999,52.25653755218782,Fair price,Bad deal,False,2,dataset,dataset,19162634.01940722,6847691.79561806,53624864.19098533,3.740433547245829,Overpaid,"2014/15, 2015/16",72645161.29032259,0.9866666666666666,Fair price,Fair price,stats + market value,"stats: overpaid, market value: fair price","Sound buy, went wrong"
Jasper Cillessen,GK,Goalkeeper,2016,Ajax,27.342915811088297,False,Valencia,3,450,0,0,270.0,0.0,0.0,-0.8943693323218538,-3.0,1.2596491228070177,"2016/17: Copa del Rey (53%) | 2017/18: Copa del Rey (60%), La Liga (2%) | 2018/19: La Liga (5%)",13000000.0,25.183655913978498,7146302.223128986,8932877.778911233,3283101.604007954,24305158.669336367,2.8192097258323803,Overpaid,6.231921074808716,38.13870967741936,19.186974838249576,15.245472437371177,29.911272608793553,Profit,16.677763101500346,Capology actual + payroll share,3.722709338059489,21511358.838847276,47.33579415778858,Fair price,Good deal (resale),False,3,dataset,dataset,15540097.424288543,5553192.6105583375,43487529.58743469,1.620559718925408,Fair price,"2014/15, 2015/16",29058064.51612903,0.8666666666666668,Fair price,Fair price,stats + market value,,"Smart buy, paid off"
Paco Alcácer,FW,Centre-Forward,2016,Valencia,23.000684462696782,False,Borussia Dortmund,2,1543,10,7,271.0,1.0,1.0,0.14894903415801222,-0.7004874683950242,0.7222293106503633,"2016/17: Copa del Rey (23%) | 2017/18: Copa del Rey (18%), La Liga (15%)",30000000.0,58.11612903225807,29335826.664807137,36669783.33100892,13477249.711943706,99773547.1467501,1.5848506250407421,Fair price,14.05783617551349,24.895938476327807,-19.162354380416772,-28.053512399237214,5.029290434398099,Break-even,13.49847506690329,Capology actual + payroll share,46.71866562283355,59213490.02837313,53.58511609955578,Fair price,Fair deal,False,2,curated,medium,16780235.54986141,5996351.085500665,46957941.77056969,3.463367892516745,Overpaid,"2013/14, 2015/16",60537634.408602156,0.9600000000000001,Fair price,Fair price,stats + market value,"stats: overpaid, market value: fair price","Sound buy, broke even"
Gerard Deulofeu,FW,Centre-Forward,2017,Everton,23.301848049281315,False,Watford,1,503,1,1,146.0,0.0,0.0,-0.3419169713203733,-1.079596808177729,0.3489491405280879,"2017/18: Copa del Rey (16%), La Liga (10%)",12000000.0,15.83901533652437,16842541.12320698,21053176.404008724,7737676.360538778,57282860.64777295,0.7523337586963111,Fair price,3.982191575240801,14.071617399663541,2.2147936383799713,-0.3038226062988194,9.067609603085492,Break-even,3.6463412377724853,Capology payroll share,5.4137391746333146,16842541.12320698,46.418120808434395,Fair price,Fair deal,False,1,dataset,dataset,11807937.699229315,4219520.031760383,33043424.76381414,1.3413871024707522,Fair price,"2015/16, 2016/17",19798769.170655463,0.8,Fair price,Fair price,stats + market value,,"Sound buy, broke even"
Marlon,CB,Centre-Back,2017,Fluminense,21.815195071868583,False,Sassuolo,0,0,0,0,0.0,0.0,0.0,,,0.0,,5000000.0,6.599589723551821,,,,,,No league minutes,0.0,12.989185291997115,6.389595568445294,6.389595568445294,6.389595568445294,Profit,0.0,imputed,-6.389595568445295,0.0,43.53307559791526,Fair price,"Never played, sold at a profit",False,0,dataset,dataset,,,,,No data,,8249487.154439776,0.8,Fair price,Fair price,market value only,,"Smart buy, paid off"
Nélson Semedo,FB,Right-Back,2017,Benfica,23.65776865160849,False,Wolves,3,5190,2,7,1809.0,0.0,1.0,0.11944737345106114,-0.2562935613913249,1.6843965975544921,"2017/18: Copa del Rey (26%), La Liga (27%) | 2018/19: La Liga (29%), Supercopa (60%)",35700000.0,47.121070626160005,30523819.47152357,38154774.339404464,14023028.62913774,103814007.90026,1.2349980164211212,Fair price,21.776997247121667,37.095401509951955,11.75132813091362,-2.0219667974222446,49.22661066786675,Break-even,14.369467948669595,Capology actual + payroll share,24.39513706487764,92066799.16427703,60.259101427573206,Fair price,Fair deal,False,3,dataset,dataset,19491110.579388745,6965071.600636531,54544075.553112894,2.417567251195481,Fair price,"2015/16, 2016/17",32997948.617759105,1.4280000000000002,Fair price,Fair price,stats + market value,,"Sound buy, broke even"
Paulinho,MID,Central Midfield,2017,Guangzhou Evergrande,29.062286105407257,False,Guangzhou Evergrande,1,1939,9,3,401.0,0.0,0.0,0.4185787149677898,-0.8159441984185483,0.9350983519404572,"2017/18: Copa del Rey (16%), La Liga (39%)",40000000.0,52.79671778841457,49871703.29212021,62339629.115150265,22911691.10411322,169617744.0833608,0.8469206271806884,Fair price,15.574930902999458,45.4621485219899,8.24036163657479,-1.6103131089444744,35.042722378048154,Break-even,11.219302530038096,Capology actual + payroll share,18.553871796462758,49871703.29212021,52.373390460935575,Fair price,Fair deal,False,1,curated,low,52464030.52368002,18747814.680289574,146815751.36772764,1.0063412448760374,Fair price,"2013/14, 2014/15",32997948.617759105,1.6,Fair price,Fair price,stats + market value,,"Sound buy, broke even"
Ousmane Dembélé,FW,Centre-Forward,2017,Dortmund,20.279260780287473,False,PSG,6,7565,24,34,1862.0,8.0,5.0,0.05629765330751748,-0.3425941044110183,2.8354070783018153,"2017/18: Copa del Rey (6%), La Liga (20%) | 2018/19: La Liga (35%), Supercopa (77%) | 2020/21: Copa del Rey (42%) | 2022/23: La Liga (32%), Supercopa (47%)",148000000.0,195.3478558171339,30169565.371350627,37711956.714188285,13860279.816088665,102609160.71564199,5.179997879654932,Overpaid,53.105680592265934,54.38737723393978,-87.85479799092819,-121.44254164846836,3.5329338404380053,Break-even,92.17029230206182,Capology actual + payroll share,233.13077088525597,213752833.32929316,79.61259900229719,Overpaid,Leaning bad deal,False,6,dataset,dataset,16173421.968832273,5779508.642229321,45259829.922324955,12.078325551240043,Overpaid,"2015/16, 2016/17",54446615.21930252,3.5878787878787883,Overpaid,Overpaid,stats + market value,,"Overpaid, as the numbers warned"
Philippe Coutinho,AM,Attacking Midfield,2017,Liverpool,25.574264202600958,False,Aston Villa,4,4483,16,10,1104.0,4.0,3.0,0.06696482162460685,-0.4533885079310306,1.641346801346801,"2017/18: Copa del Rey (18%), La Liga (28%) | 2018/19: La Liga (39%), Supercopa (25%)",135000000.0,178.18892253589917,25598627.245791126,31998284.057238907,11760333.043158202,87063026.09375656,5.568702440954419,Overpaid,34.77360921709151,22.952267708510277,-120.46304561029737,-142.45630620700354,-60.62234234656603,Loss,102.97539904738987,Capology actual + payroll share,258.21205387477875,139257458.28400922,65.20139320654476,Overpaid,Bad deal (all tests agree),False,4,dataset,dataset,76040034.32360487,27172606.785106886,212791023.90368107,2.343356682054844,Fair price,"2016/17, 2017/18",148490768.779916,1.1999999999999997,Fair price,Fair price,stats + market value,,"Sound buy, went wrong"
Yerry Mina,CB,Centre-Back,2017,Palmeiras,23.301848049281315,False,Everton,1,370,0,1,0.0,0.0,0.0,-0.8575762970791647,-2.666666666666667,0.14309055466950202,"2017/18: Copa del Rey (1%), La Liga (7%)",12400000.0,16.366982514408516,10785352.29564288,13481690.369553601,4954927.221943348,36681865.76295034,1.2140156067796157,Fair price,2.5929029405778117,32.7435712569094,18.96949168307869,17.329558660363734,23.43152881273362,Profit,9.85978704698642,Capology actual + payroll share,-6.516801695514458,10785352.29564288,45.556692327105225,Fair price,Good deal (resale),False,1,dataset,dataset,,,,,No data,,14849076.877991598,1.1022222222222222,Fair price,Fair price,market value only,,"Smart buy, paid off"
Arthur Melo,MID,Central Midfield,2018,Grêmio,21.905544147843944,False,Juventus,2,2625,3,4,864.0,0.0,1.0,-0.03973995003837315,-0.6346484031280465,0.6908187134502922,"2018/19: La Liga (26%), Supercopa (35%)",31000000.0,33.55539533765922,23068650.761566352,28835813.45195794,10598029.855563099,78458369.03352813,1.1636708426333926,Fair price,11.329467006285665,93.43404255319149,71.20811422181794,64.04256753566736,90.70460275215291,Profit,12.126352412636765,Capology actual + payroll share,-47.7522948028955,46149252.25805105,53.03490347845499,Fair price,Good deal (resale),False,2,dataset,dataset,,,,,No data,,40591204.03749099,0.8266666666666668,Fair price,Fair price,market value only,,"Smart buy, paid off"
Clément Lenglet,CB,Centre-Back,2018,Sevilla FC,23.069130732375086,False,Atlético,4,7656,4,2,2704.0,1.0,0.0,0.04623885290739743,0.2926972418070811,1.471169590643275,"2018/19: La Liga (34%), Supercopa (60%) | 2020/21: Copa del Rey (48%)",35900000.0,38.8593126652247,30969601.195265982,38712001.49408248,14227826.389792105,105330148.02268341,1.0038053101223594,Fair price,33.704568328900436,0.0,-5.1547443363242635,-26.47186876621102,52.846283380136164,Break-even,27.720668212392866,Capology actual + payroll share,66.57998087761757,142525588.90375596,69.13143163513487,Fair price,Fair deal,False,4,dataset,dataset,14961177.951727016,5346318.017088138,41867476.82943764,2.5973431230218775,Fair price,"2016/17, 2017/18",48709444.84498918,0.7977777777777778,Fair price,Fair price,stats + market value,,"Sound buy, broke even"
Malcom,AM,Right Winger,2018,G. Bordeaux,21.404517453798768,False,Zenit S-Pb,1,608,1,2,39.0,1.0,0.0,-0.29955452102428826,-0.6606298536933225,0.24000000000000002,2018/19: La Liga (12%),41000000.0,44.37971641432348,15164295.072601303,18955368.84075163,6966668.904006796,51575008.49255047,2.341274220890534,Fair price,3.9554659067537132,45.22161290322581,4.7973623956560445,2.295649331431953,11.604187080380342,Profit,4.7518769526556115,Capology actual + payroll share,3.909980463753281,15164295.072601303,46.13658865017987,Fair price,Good deal (resale),False,1,dataset,dataset,12817739.530357912,4580368.739052728,35869262.0677692,3.462366847852794,Overpaid,"2016/17, 2017/18",60886806.056236476,0.7288888888888889,Fair price,Fair price,stats + market value,"stats: overpaid, market value: fair price","Smart buy, paid off"
Arturo Vidal,MID,Central Midfield,2018,Bayern Munich,31.208761122518823,False,Inter,2,3593,11,9,778.0,0.0,2.0,0.4137285546072413,-0.5852402461430808,0.77906432748538,"2018/19: La Liga (38%), Supercopa (3%)",18000000.0,19.483777937995672,20163070.445971437,25203838.057464294,9263169.518446421,68576252.60575218,0.7730480529819709,Fair price,19.48075940580132,1.1592312971859986,1.156212764991647,-11.1647808816195,34.679978896858344,Break-even,21.676637034070193,Capology actual + payroll share,40.00118367487986,41423499.22379024,50.32482512945438,Fair price,Fair deal,False,2,dataset,dataset,43864869.2818597,15674938.27795502,122751791.61762312,0.44417727117343037,Fair price,"2016/17, 2017/18",47356404.71040615,0.4114285714285714,Bargain,Fair price,stats + market value,"stats: fair price, market value: bargain","Sound buy, broke even"
Emerson Royal,FB,Right-Back,2018,Atlético-MG,20.046543463381244,False,Tottenham,1,90,0,0,0.0,0.0,0.0,-0.6507468217998031,-1.5,0.0,,26000000.0,28.143234799327082,5313200.781718656,6641500.9771483205,2440951.6228435035,18070630.657595,4.2374810899163675,Overpaid,1.294208263785045,38.270625856555505,11.421599321013467,10.60305157021385,13.648757629233145,Profit,5.250994517153593,Capology payroll share,-4.876396540074831,5313200.781718656,44.49222151405505,Fair price,Good deal (resale),False,1,curated,medium,,,,,No data,,8118240.807498198,3.4666666666666663,Overpaid,Overpaid,market value only,,"Overpaid, but it paid off"
Jean-Clair Todibo,CB,Centre-Back,2018,Toulouse,19.08829568788501,False,Nice,2,235,0,0,90.0,0.0,0.0,-0.8038848197190271,-2.626735942700471,0.05543859649122807,2018/19: La Liga (3%),1000000.0,1.0824321076664263,5974669.3309817305,7468336.663727163,2744838.638432888,20320339.324068837,0.14493616937807213,Bargain,4.012175919560847,20.36984924623116,23.299593058125577,20.76201261866519,30.204008045521313,Profit,1.6974454830098265,Capology actual + payroll share,-17.589971655554905,11992318.494876295,46.04137452442851,Fair price,Good deal,False,2,dataset,dataset,1682243.8459600662,601143.2129081627,4707604.272166753,0.6434454257424709,Fair price,2018/19,10824321.076664263,0.1,Bargain,Fair price,stats + market value,"stats: fair price, market value: bargain","Smart buy, paid off"
Frenkie de Jong,MID,Central Midfield,2019,Ajax,22.135523613963038,True,,7,11549,12,16,3780.0,1.0,3.0,0.04467995468962619,-0.16610477761538572,3.1413182465968843,"2022/23: La Liga (48%), Supercopa (50%) | 2024/25: Copa del Rey (59%), La Liga (21%), Supercopa (6%) | 2025/26: La Liga (31%), Supercopa (51%)",86000000.0,93.71225806451612,33115681.47446375,41394601.843079686,15213762.80655326,112629142.67396154,2.263876300097397,Fair price,69.45939890510729,35.0,10.747140840591172,-33.18383714543121,130.27742177314155,Break-even,97.8956511773869,Capology payroll share,156.607909241903,280328309.0564251,93.49719341746433,Fair price,Fair deal,False,7,dataset,dataset,12061695.735135617,4310199.466476295,33753543.22660298,7.769409884178484,Overpaid,"2017/18, 2018/19",115778225.8064516,0.8094117647058824,Fair price,Fair price,stats + market value,"stats: overpaid, market value: fair price","Sound buy, broke even"
Neto,GK,Goalkeeper,2019,Valencia,29.949349760438057,False,Bournemouth,3,1080,0,0,360.0,0.0,0.0,-0.8407111106860871,-2.7410927347715472,0.23333333333333334,2020/21: Copa del Rey (23%),26000000.0,28.331612903225807,3998521.0144663854,4998151.268082982,1836971.1140632734,13599297.184037834,5.668418457869577,Overpaid,5.45016128648162,0.0,-22.881451616744187,-26.32851449478315,-13.50245726940098,Loss,17.41314595655639,Capology actual + payroll share,45.744758859782195,12967528.64380606,44.749820690846754,Fair price,Bad deal,False,3,dataset,dataset,22459596.24508585,8025848.262019153,62851108.94500867,1.261448006191329,Fair price,"2017/18, 2018/19",24517741.93548387,1.1555555555555557,Fair price,Fair price,stats + market value,,"Sound buy, went wrong"
Antoine Griezmann,FW,Second Striker,2019,Atlético,28.314852840520192,False,Atlético,3,5443,22,12,1160.0,4.0,0.0,0.11263725384072505,-0.36919098308207826,0.775,2020/21: Copa del Rey (78%),120000000.0,130.76129032258063,29062376.943439864,36327971.17929983,13351623.452263447,98843522.26697287,3.599465813193834,Overpaid,44.549930814328285,23.930445982933506,-62.28091352531885,-90.4574031110813,14.383523969126486,Break-even,101.70215512128678,Capology actual + payroll share,208.53299946093392,142178013.18308356,66.61724338378782,Overpaid,Leaning bad deal,False,3,dataset,dataset,109010629.1698052,38954519.00011443,305056193.1457009,1.199527892999265,Fair price,"2017/18, 2018/19",177072580.64516127,0.7384615384615385,Fair price,Fair price,stats + market value,,"Sound buy, went wrong"
Marc Cucurella,FB,Left-Back,2019,SD Eibar,20.982888432580424,False,Getafe,0,0,0,0,0.0,0.0,0.0,,,0.0,,4000000.0,4.358709677419355,,,,,,No league minutes,0.0,13.678929306794783,9.320219629375428,9.320219629375428,9.320219629375428,Profit,0.0,imputed,-9.320219629375428,0.0,43.60491013927148,Fair price,"Never played, sold at a profit",False,0,dataset,dataset,5688352.761413478,2032710.4559562716,15918330.642451534,0.7662516479263278,Fair price,2018/19,13620967.741935484,0.32,Bargain,Fair price,stats + market value,"stats: fair price, market value: bargain","Smart buy, paid off"
Junior Firpo,FB,Left-Back,2019,Real Betis,22.94866529774127,False,Leeds,2,1295,2,3,525.0,0.0,0.0,-0.056192935242588476,-1.187008009080393,0.3555555555555555,2020/21: Copa del Rey (36%),20000000.0,21.793548387096774,11584264.635928778,14480330.794910973,5321957.653061324,39399032.01022914,1.5050449258214451,Fair price,5.574101949939829,18.51804476930105,2.298598332144106,-1.226853282966914,11.890877887186353,Break-even,13.714594664700824,Capology actual + payroll share,16.99009828249655,23482883.742389083,47.410595732514444,Fair price,Fair deal,False,2,dataset,dataset,10365572.24824725,3704096.4185467786,29007098.05923122,2.102493510744852,Fair price,"2017/18, 2018/19",34052419.354838714,0.6399999999999999,Fair price,Fair price,stats + market value,,"Sound buy, broke even"
Pedri,MID,Central Midfield,2019,UD Las Palmas,16.76933607118412,True,,6,11785,22,21,3718.0,2.0,8.0,0.4705761142134826,0.0902978616557321,4.696566438377584,"2020/21: Copa del Rey (53%) | 2022/23: La Liga (39%), Supercopa (64%) | 2024/25: Copa del Rey (56%), La Liga (54%), Supercopa (60%) | 2025/26: La Liga (42%), Supercopa (59%)",23000000.0,25.06258064516129,42726417.244049594,53408021.555061996,19629056.343776286,145316041.50855538,0.46926622472473645,Fair price,95.1771221835819,150.0,220.1145415384206,159.91787808712695,383.90156435008373,Profit,39.62418346943181,Capology actual + payroll share,-85.31323588540691,335565455.7623787,111.01654912501661,Bargain,Good deal,False,6,dataset,dataset,,,,,No data,,6810483.870967742,3.6799999999999997,Overpaid,Overpaid,market value only,,"Overpaid, but it paid off"
Matheus Fernandes,MID,Defensive Midfield,2019,Palmeiras,21.585215605749486,False,Palmeiras,0,0,0,0,0.0,0.0,0.0,,,0.0,,7000000.0,7.627741935483871,,,,,,No league minutes,0.0,0.0,-7.627741935483871,-7.627741935483871,-7.627741935483871,Loss,0.0,imputed,7.627741935483871,0.0,43.18948700050552,Fair price,Never played,False,0,dataset,dataset,,,,,No data,,4767338.70967742,1.5999999999999999,Fair price,Fair price,market value only,,"Sound buy, went wrong"
Martin Braithwaite,FW,Centre-Forward,2019,CD Leganés,28.711841204654345,False,Espanyol,3,1800,5,3,233.0,3.0,2.0,-0.2989536328956114,-0.36498350588624184,0.28888888888888886,2020/21: Copa del Rey (29%),18000000.0,19.614193548387096,10258639.600796126,12823299.500995157,4712948.749817439,34890472.784918845,1.5295746267850117,Fair price,10.559654253123686,0.0,-9.05453929526341,-15.733202598522638,9.11720505211916,Break-even,15.462155195664335,Capology actual + payroll share,35.07634874405143,33122486.463596243,48.84570832437907,Fair price,Fair deal,False,3,dataset,dataset,6512431.583899213,2327191.7775722397,18224439.233457837,3.0118080006981685,Overpaid,"2018/19, 2019/20",13620967.741935484,1.44,Fair price,Fair price,stats + market value,"stats: overpaid, market value: fair price","Sound buy, broke even"
Francisco Trincão,AM,Attacking Midfield,2020,Braga,20.5968514715948,False,Sporting,1,684,3,2,333.0,0.0,0.0,0.10109898991096877,-0.7241548918973664,0.2633333333333333,2020/21: Copa del Rey (26%),30940000.0,35.866616334934804,19304570.09410751,24130712.617634386,8868763.601338178,65656422.65478802,1.486347166918062,Fair price,5.413737536233613,19.579455804218323,-10.873422994482866,-14.297448947418292,-1.5571090211191319,Loss,4.698038982854199,Capology payroll share,20.985199513570677,19304570.09410751,46.52860695120592,Fair price,Bad deal,False,1,dataset,dataset,6843982.108016103,2445670.0515678064,19152252.800747797,5.240606385122714,Overpaid,2019/20,23184625.943719972,1.5470000000000002,Fair price,Fair price,stats + market value,"stats: overpaid, market value: fair price","Sound buy, went wrong"
Miralem Pjanić,MID,Central Midfield,2020,Juventus,30.417522245037645,False,Sharjah FC,1,620,0,0,495.0,0.0,0.0,-0.606646545396389,-0.07929465230014289,0.13333333333333333,2020/21: Copa del Rey (13%),60000000.0,69.55387783115992,9481086.76587778,11851358.457347225,4355731.145549419,32245951.963322803,5.868852763291463,Overpaid,3.5612248079841806,0.0,-65.99265302317575,-68.245020465292,-59.8642642309857,Loss,18.1071928620453,Capology actual + payroll share,87.66107069320522,9481086.76587778,43.09110176330815,Fair price,Bad deal,False,1,dataset,dataset,65549526.97596213,23423865.30084269,183434306.48987755,1.0610889359532103,Fair price,"2018/19, 2019/20",65206760.46671242,1.0666666666666667,Fair price,Fair price,stats + market value,,"Sound buy, went wrong"
Sergiño Dest,FB,Right-Back,2020,Ajax,19.90965092402464,False,PSV,2,3428,2,4,1090.0,1.0,0.0,0.10050307693356617,-0.3095353706794318,0.2222222222222222,2020/21: Copa del Rey (22%),21000000.0,24.34385724090597,19885340.131370135,24856675.164212666,9135576.700107718,67631669.07808915,0.9793690057129996,Fair price,12.146742795359204,0.0,-12.197114445546765,-19.879563455418122,8.705795767198545,Break-even,11.278579850785501,Capology actual + payroll share,35.622437091691474,41055036.47916762,50.34628002364495,Fair price,Fair deal,False,2,dataset,dataset,6183521.785412748,2209657.1564803207,17304015.493325938,3.9368919663765727,Overpaid,2019/20,26082704.18668497,0.9333333333333332,Fair price,Fair price,stats + market value,"stats: overpaid, market value: fair price","Sound buy, broke even"
Ferran Torres,FW,Centre-Forward,2021,Man City,21.83983572895277,True,,5,7080,41,17,1840.0,14.0,6.0,0.2410949636183229,0.14814269723945267,2.7900531185360906,"2022/23: La Liga (28%), Supercopa (19%) | 2024/25: Copa del Rey (52%), La Liga (26%), Supercopa (9%) | 2025/26: La Liga (42%), Supercopa (43%)",55000000.0,67.89949748743719,45170338.87979081,56462923.599738516,20751824.845842045,153628018.98690307,1.2025501543060664,Fair price,59.59021216432352,50.0,41.69071467688633,4.001700086510851,144.23745296010713,Profit,36.581287136241,Capology payroll share,54.48078462367819,247510357.39192253,89.50811830469588,Fair price,Good deal (resale),False,5,dataset,dataset,26707746.842722848,9543908.146924721,74739166.6426312,2.542314703193991,Fair price,"2019/20, 2020/21",69442667.88487893,0.9777777777777779,Fair price,Fair price,stats + market value,,"Smart buy, paid off"
Pablo Torre,AM,Attacking Midfield,2022,Racing,19.24435318275154,False,RCD Mallorca,2,446,3,1,114.0,1.0,0.0,-0.2805182206952268,-0.6529546554135011,0.3468536760796822,"2022/23: La Liga (2%) | 2024/25: Copa del Rey (16%), La Liga (7%)",6000000.0,6.885680312553084,9997155.219427116,12496444.024283895,4592819.518630273,34001143.00564395,0.5510111755930236,Fair price,6.1724231462638715,5.0,4.286742833710787,0.3828710808126372,14.908652673665475,Profit,2.1402679392623267,Capology payroll share,4.02594825181541,21996668.722230002,47.420342037280534,Fair price,Good deal (resale),False,2,dataset,dataset,,,,,No data,,4303550.195345677,1.5999999999999999,Fair price,Fair price,market value only,,"Smart buy, paid off"
Raphinha,AM,Left Winger,2022,Leeds,25.57700205338809,True,,4,7689,44,31,2697.0,20.0,19.0,0.7598443453873867,0.8767747121137757,4.210163108305523,"2022/23: La Liga (45%), Supercopa (33%) | 2024/25: Copa del Rey (56%), La Liga (62%), Supercopa (73%) | 2025/26: La Liga (31%), Supercopa (74%)",58000000.0,66.56157635467981,95541905.7645162,119427382.20564526,43893159.605013095,324945840.05441,0.5573393230713676,Fair price,133.80913356541026,70.0,137.24755721073046,52.61730999218541,367.51507432911717,Profit,79.48581222082727,Capology payroll share,76.04738857550707,502857763.5092761,140.55503683105178,Fair price,Good deal,False,4,dataset,dataset,32550044.609714486,11631630.244318506,91088298.18691328,2.044899696844491,Fair price,"2020/21, 2021/22",64553252.930185154,1.0311111111111113,Fair price,Fair price,stats + market value,,"Smart buy, paid off"
Robert Lewandowski,FW,Centre-Forward,2022,Bayern Munich,33.908281998631075,False,Without Club,4,9949,83,20,2965.0,24.0,2.0,0.8129587719962167,0.3788154791098,4.2324057916627575,"2022/23: La Liga (67%), Supercopa (73%) | 2024/25: Copa del Rey (17%), La Liga (58%), Supercopa (66%) | 2025/26: La Liga (36%), Supercopa (27%)",45000000.0,51.64260234414812,29912149.433139097,37390186.79142387,13742019.679132206,101733668.0444815,1.3811806459333684,Fair price,156.2371824595876,0.0,104.59458011543947,5.779267408700427,373.4577520674137,Profit,131.67648234417666,Capology payroll share,183.31908468832478,147485360.50227523,68.0653362877646,Overpaid,Good deal,False,4,dataset,dataset,119456775.87063192,42687408.38195144,334288771.3801763,0.43231203895939313,Fair price,"2020/21, 2021/22",64553252.930185154,0.7999999999999999,Fair price,Fair price,stats + market value,,"Smart buy, paid off"
Jules Koundé,FB,Right-Back,2022,Sevilla FC,23.707049965776864,True,,4,10194,5,11,3122.0,2.0,6.0,0.5484933093573796,0.39613775217395364,4.251380188439012,"2022/23: La Liga (45%), Supercopa (60%) | 2024/25: Copa del Rey (64%), La Liga (48%), Supercopa (66%) | 2025/26: La Liga (41%), Supercopa (60%)",50000000.0,57.38066927127569,61693765.17054601,77117206.46318251,28342895.817247637,209825543.9751546,0.74407090068376,Fair price,59.97172112568118,60.0,62.59105185440548,24.660744335397396,165.7943157345677,Profit,50.128762888388614,Capology payroll share,47.5094321596643,249267121.5194284,89.9954620040721,Fair price,Good deal,False,4,dataset,dataset,39593299.47894873,14148509.632280339,110798197.43368007,1.4492520205794996,Fair price,"2020/21, 2021/22",86071003.90691355,0.6666666666666666,Fair price,Fair price,stats + market value,,"Smart buy, paid off"
Oriol Romeu,MID,Defensive Midfield,2023,Girona,31.81656399726215,False,Without Club,1,930,0,1,343.0,0.0,0.0,-0.35407224088763284,-1.0042858072065373,0.0,,3400000.0,3.6983416519079055,7936502.490911887,9920628.11363986,3646129.5988566936,26992694.445091166,0.37279309430247265,Fair price,3.9046268707582277,0.0,0.20628521885032214,-2.2632736861620044,6.925622762155759,Break-even,4.482744267241367,Capology payroll share,8.181085919149272,7936502.490911887,44.67418886728317,Fair price,Fair deal,False,1,dataset,dataset,10866105.30604754,3882959.9354236037,30407793.664045077,0.3403557712485623,Bargain,"2021/22, 2022/23",6798422.154242473,0.544,Bargain,Bargain,stats + market value,,"Sound buy, broke even"
Vitor Roque,FW,Centre-Forward,2023,Athletico-PR,18.83915126625599,False,Palmeiras,1,319,2,0,0.0,0.0,0.0,-0.3550340381063129,-0.7058823529411765,0.0,,30000000.0,32.63242634036387,7477116.86952677,9346396.086908463,3435082.035608333,25430286.353527434,3.491444834664374,Overpaid,2.757584355629668,26.610750695088047,-3.2640912896461565,-5.008180347878117,1.4813404002238784,Break-even,2.1678920721412065,Capology payroll share,8.18956771741703,7477116.86952677,44.58728330890651,Fair price,Fair deal,False,1,dataset,dataset,,,,,No data,,54387377.23393978,0.6000000000000001,Bargain,Bargain,market value only,,"Sound buy, broke even"
Pau Víctor,FW,Centre-Forward,2024,Girona,22.65845311430527,False,Braga,1,307,2,1,48.0,0.0,0.0,-0.15880972467188542,-0.8249852612154052,0.15680426556587546,"2024/25: Copa del Rey (3%), La Liga (7%)",5500000.0,5.7395736793327155,15104692.519768089,18880865.64971011,6939286.737580028,51372295.33286625,0.3039889052661544,Bargain,3.6572617887176975,12.0,9.917688109384983,7.60458016917987,16.211343625271752,Profit,1.4499186237522987,Capology payroll share,-4.810507696914986,15104692.519768089,46.32652047373741,Fair price,Good deal (resale),False,1,dataset,dataset,,,,,No data,,1956672.845227062,2.9333333333333336,Overpaid,Overpaid,market value only,,"Overpaid, but it paid off"
Dani Olmo,AM,Attacking Midfield,2024,Leipzig,26.258726899383984,True,,2,3293,17,12,883.0,3.0,3.0,0.5428280512355312,-0.1299120327304195,1.8262552772305094,"2024/25: Copa del Rey (31%), La Liga (27%), Supercopa (10%) | 2025/26: La Liga (43%), Supercopa (14%)",61000000.0,63.657089898053755,73328235.0897282,91660293.86216027,33687918.41226531,249395328.2622136,0.6944892626438878,Fair price,38.8955681282434,60.0,35.23847823018964,10.63820275803819,102.17251824040682,Profit,33.05096574621878,Capology payroll share,36.708055644272534,152232149.27047434,71.50024775855358,Fair price,Good deal (resale),False,2,dataset,dataset,27444887.554375198,9807322.47703642,76801986.9476044,2.3194516564126237,Fair price,"2022/23, 2023/24",78266913.8090825,0.8133333333333332,Fair price,Fair price,stats + market value,,"Smart buy, paid off"
Joan García,GK,Goalkeeper,2025,Espanyol,24.15879534565366,True,,1,2700,0,0,802.0,0.0,0.0,1.0871753164548474,0.14374861508790576,1.2473684210526315,"2025/26: La Liga (47%), Supercopa (60%)",25000000.0,25.0,58485855.133839,73107318.91729875,26869141.383389577,198915179.42511153,0.3419630260040143,Bargain,13.672899337529259,45.0,33.67289933752926,25.02520227607468,57.20211964089103,Profit,8.203233155585297,Capology payroll share,-11.796766844414703,58485855.133839,54.60565619423781,Fair price,Good deal (resale),False,1,dataset,dataset,11879505.988542382,4245094.678077752,33243702.021674804,2.1044646152888977,Fair price,2024/25,31250000.0,0.8,Fair price,Fair price,stats + market value,,"Smart buy, paid off"
Roony Bardghji,AM,Right Winger,2025,Copenhagen,19.66050650239562,True,,1,640,1,1,85.0,0.0,1.0,-0.33346767591710696,-0.4954911687818452,0.4364035087719298,"2025/26: La Liga (12%), Supercopa (39%)",2500000.0,2.5,13510550.282924721,16888187.8536559,6206917.636556236,45950487.13077709,0.1480324604192988,Bargain,4.171969006109177,15.0,16.671969006109176,14.033324251694616,23.851366398007073,Profit,1.7571928299415729,Capology payroll share,-10.742807170058427,13510550.282924721,46.165319977849805,Fair price,Good deal,False,1,dataset,dataset,1981321.3648022972,708017.3863623769,5544545.128744654,1.2617842034169244,Fair price,"2021/22, 2023/24",9375000.0,0.26666666666666666,Bargain,Fair price,stats + market value,"stats: fair price, market value: bargain","Smart buy, paid off"
