season,top200_mean_value,top100_mean_fee,football_index,fee_index,cpi_index,nominal_index,index
2008,17825000.0,4234642.857142857,0.2638395500296033,0.10458800599530876,0.7095217626804515,1.0,0.2638395500296033
2009,18965000.0,8330000.0,0.28071343990526937,0.2057359072138468,0.7116503279684929,1.0,0.28071343990526937
2010,21382500.0,5858965.517241379,0.3164964476021314,0.14470583265597842,0.7230367332159888,1.0,0.3164964476021314
2011,22591250.0,6509200.0,0.33438795145056244,0.16076544624686334,0.7425587250128204,1.0,0.33438795145056244
2012,23825000.0,6477000.0,0.35264949674363527,0.15997016458872576,0.7611226931381408,1.0,0.35264949674363527
2013,24072500.0,12835700.0,0.3563129070455891,0.31701853352038095,0.7717784108420748,1.0,0.3563129070455891
2014,27477500.0,14555400.0,0.40671255180580224,0.3594920076663176,0.774865524485443,1.0,0.40671255180580224
2015,30140000.0,17546500.0,0.44612196566015394,0.4333667582146174,0.7764152555344139,1.0,0.44612196566015394
2016,34875000.0,21734800.0,0.5162078152753108,0.5368101796052241,0.7779680860454827,1.0,0.5162078152753108
2017,51185000.0,32208900.0,0.7576228537596211,0.7955014720120132,0.7896376073361648,1.0,0.7576228537596211
2018,62415000.0,29730900.0,0.9238454706927176,0.7342993617988184,0.8038510842682158,1.0,0.9238454706927176
2019,62000000.0,35530600.0,0.9177027827116637,0.8775414435597004,0.8134972972794344,1.0,0.9177027827116637
2020,58280000.0,26109900.0,0.8626406157489639,0.6448672225405544,0.8159377891712727,1.0,0.8626406157489639
2021,54725000.0,26114900.0,0.8100207223208999,0.644990713481259,0.8371521716897257,1.0,0.8100207223208999
2022,58870000.0,35169400.0,0.8713735938425103,0.8686204580032009,0.9074729541116627,1.0,0.8713735938425103
2023,62110000.0,39118200.0,0.9193309650680876,0.9661486633340578,0.9564764936336926,1.0,0.9193309650680876
2024,64740000.0,36574700.0,0.9582593250444049,0.903328821797633,0.9794319294809012,1.0,0.9582593250444049
2025,67560000.0,40488800.0,1.0,1.0,1.0,1.0,1.0
