club,player,group,signing_season,from_club,age_at_signing,fee_eur,fee_adj,pre_fair_eur,pre_ratio,pre_verdict,tm_fair_eur,tm_ratio,tm_verdict,decision,decision_source,decision_note,perf_value_adj,recovered_adj,balance_adj,balance_lo,balance_hi,balance_verdict,verdict,decision_outcome,trophy_pts,exit_to,ongoing
Barcelona,David Villa,FW,2010,Valencia,28.57494866529774,40000000.0,126.38372500876886,,,No data,177727113.2935812,0.7111111111111111,Fair price,Fair price,market value only,,44.105022015697216,14.313262020978295,-67.96544097209335,-95.86053914148103,7.9333683348350235,Break-even,Leaning bad deal,"Sound buy, went wrong",0.606742944317315,Atlético Madrid,False
Barcelona,Adriano,FB,2010,Sevilla,25.678302532511978,9500000.0,30.016134689582604,,,No data,78989828.13048053,0.38000000000000006,Bargain,Bargain,market value only,,35.528883150433295,0.0,5.512748460850691,-16.958200153057927,66.65317655457531,Break-even,Fair deal,"Sound buy, broke even",1.8275464483318837,Beşiktaş,False
Barcelona,Javier Mascherano,MID,2010,Liverpool,26.220396988364133,22000000.0,69.51104875482288,,,No data,102686776.56962469,0.6769230769230771,Fair price,Fair price,market value only,,104.15811940822817,7.259548695907004,41.906619349312294,-23.97025437715915,221.14873014385591,Break-even,Fair deal,"Sound buy, broke even",6.778490952502487,Hebei China Fortune,False
Barcelona,Ibrahim Afellay,AM,2010,PSV Eindhoven,24.750171115674195,3000000.0,9.478779375657664,,,No data,39494914.065240264,0.24000000000000002,Bargain,Bargain,market value only,,6.92243438107278,0.0,-2.556344994584884,-6.934576266353519,9.356233279194763,Break-even,Fair deal,"Sound buy, broke even",0.0,Stoke City,False
Barcelona,Alexis Sánchez,FW,2011,Udinese,22.584531143052704,26000000.0,77.75399767609142,,,No data,93454324.12991756,0.8320000000000001,Fair price,Fair price,market value only,,63.4296446533563,104.49640615048676,90.17205312775164,50.05471311542789,199.32593819412583,Profit,Good deal (resale),"Smart buy, paid off",0.981094584286804,Arsenal,False
Barcelona,Cesc Fàbregas,MID,2011,Arsenal,24.281998631074607,34000000.0,101.67830465335031,,,No data,201861340.12062192,0.5037037037037038,Bargain,Bargain,market value only,,74.95653173604407,81.13838595214267,54.41661303483643,7.008864083490195,183.4067200235133,Profit,Good deal (resale),"Smart buy, paid off",1.169298245614035,Chelsea,False
Barcelona,Jordi Alba,FB,2012,Valencia,23.279945242984258,14000000.0,39.69947534102833,,,No data,35445960.12591816,1.1199999999999999,Fair price,Fair price,market value only,,143.0154062917365,0.0,103.31593095070816,12.862993486512046,349.42620488337155,Profit,Good deal,"Smart buy, paid off",9.661685446778108,Inter Miami,False
Barcelona,Alex Song,MID,2012,Arsenal,24.947296372347708,19000000.0,53.877859391395596,,,No data,88614900.31479539,0.608,Bargain,Bargain,market value only,,12.172984036843953,0.0,-41.704875354551646,-49.4039211593876,-20.756807495524704,Loss,Bad deal,"Sound buy, went wrong",0.5479214340198322,Rubin Kazan,False
Barcelona,Neymar,AM,2013,Santos,21.401779603011637,88000000.0,246.97393291099803,,,No data,175407622.80610654,1.4080000000000001,Fair price,Fair price,market value only,,268.57100915968067,293.02178372570086,314.6188599743835,144.7557848965742,776.7934350675569,Profit,Good deal,"Smart buy, paid off",6.569062664626931,PSG,False
Barcelona,Claudio Bravo,GK,2014,Real Sociedad,31.21697467488022,12000000.0,29.50486761896097,15449954.598123074,1.9097057814361051,Fair price,12293694.841233736,2.4000000000000004,Overpaid,Fair price,stats + market value,"stats: fair price, market value: overpaid",36.31319600634116,34.86967741935484,41.67800580673503,18.711002931629675,104.168130809495,Profit,Good deal,"Smart buy, paid off",2.9282456140350877,Man City,False
Barcelona,Marc-André ter Stegen,GK,2014,Mönchengladbach,22.168377823408623,12000000.0,29.50486761896097,15915322.72171222,1.853865493956301,Fair price,61468474.20616869,0.48,Bargain,Fair price,stats + market value,"stats: fair price, market value: bargain",132.25046821968775,3.0,105.74560060072677,22.101162272985103,333.33086435109095,Profit,Good deal,"Smart buy, paid off",5.330994152046783,,True
Barcelona,Ivan Rakitic,MID,2014,Sevilla FC,26.308008213552363,18000000.0,44.25730142844145,32138102.960800346,1.3770975057993684,Fair price,61468474.20616869,0.7199999999999999,Fair price,Fair price,stats + market value,,126.22381370608214,4.057309540150995,86.02382181779168,6.191060972722596,303.2380239343108,Profit,Good deal,"Smart buy, paid off",7.766084522817271,Sevilla FC,False
Barcelona,Luis Suárez,FW,2014,Liverpool,27.460643394934976,81720000.0,200.9281484851242,192653349.499692,1.0429517524970175,Fair price,159818032.93603858,1.2572307692307692,Fair price,Fair price,stats + market value,,383.6726969190366,10.433081674673987,193.17763010858636,-49.483796104082614,853.4267248572253,Break-even,Fair deal,"Sound buy, broke even",10.034037409524277,Atlético,False
Barcelona,Jérémy Mathieu,FB,2014,Valencia,30.732375085557837,20000000.0,49.17477936493495,12793989.734552577,3.8435844005821895,Overpaid,36881084.52370121,1.3333333333333333,Fair price,Fair price,stats + market value,"stats: overpaid, market value: fair price",19.064027399775195,0.0,-30.110751965159753,-42.16817516815368,2.6958744485539086,Break-even,Fair deal,"Sound buy, broke even",2.781239149567323,Sporting CP,False
Barcelona,Thomas Vermaelen,CB,2014,Arsenal,28.736481861738536,19000000.0,46.7160403966882,52589228.16775373,0.8883195670350832,Fair price,46101355.65462652,1.0133333333333332,Fair price,Fair price,stats + market value,,13.54743985112728,0.0,-33.16860054556092,-41.73694826017199,-9.855279139852584,Loss,Bad deal,"Sound buy, went wrong",1.3942538796486164,Vissel Kobe,False
Barcelona,Douglas,FB,2014,São Paulo,24.041067761806982,4000000.0,9.834955872986988,,,No data,6146847.420616868,1.6,Fair price,Fair price,market value only,,3.6883235153527045,0.0,-6.146632357634283,-8.479385904489039,0.20047621096324875,Break-even,Fair deal,"Sound buy, broke even",0.24884072927416578,Sivasspor,False
Barcelona,Aleix Vidal,AM,2015,Sevilla,25.859000684462696,17000000.0,38.10617120106171,25873975.569079094,1.4727605774893289,Fair price,28019243.530192435,1.3599999999999999,Fair price,Fair price,stats + market value,,12.327240211432533,9.200672915164624,-16.578258074464557,-24.374866264188363,4.635263908479338,Break-even,Fair deal,"Sound buy, broke even",1.3209652920179236,Sevilla,False
Barcelona,Arda Turan,AM,2015,Atlético Madrid,28.42984257357974,34000000.0,76.21234240212343,44919729.75887363,1.696634036117907,Fair price,98067352.35567352,0.7771428571428571,Fair price,Fair price,stats + market value,,12.999992458067183,0.0,-63.21234994405624,-71.4344536693422,-40.841111852049806,Loss,Bad deal,"Sound buy, went wrong",1.2613868003341686,Galatasaray,False
Barcelona,Denis Suárez,AM,2016,Villarreal,22.491444216290212,3250000.0,6.2959139784946245,29695708.34161094,0.21201427176170476,Bargain,29058064.51612903,0.2166666666666667,Bargain,Bargain,stats + market value,,13.694079239113142,14.056838709677418,21.455003970295934,12.793911258938039,45.0206720348873,Profit,Good deal,"Smart buy, paid off",1.0843115364167994,Celta de Vigo,False
Barcelona,Lucas Digne,FB,2016,PSG,22.981519507186857,16500000.0,31.96387096774194,35369046.18680129,0.9037244261246133,Fair price,29058064.51612903,1.1,Fair price,Fair price,stats + market value,,8.038975797714132,21.865128574861814,-2.0597665951659963,-7.1441766874851,11.774229244957652,Break-even,Fair deal,"Sound buy, broke even",0.9872922204501151,Everton,False
Barcelona,Samuel Umtiti,CB,2016,Olympique Lyon,22.663928815879533,25000000.0,48.43010752688173,18129800.164265253,2.671298474780759,Fair price,36322580.64516129,1.3333333333333333,Fair price,Fair price,stats + market value,,37.5868974359799,0.0,-10.843210090901827,-34.61579076178783,53.83878371735851,Break-even,Fair deal,"Sound buy, broke even",2.3733244727981573,LOSC Lille,False
Barcelona,André Gomes,MID,2016,Valencia,22.976043805612594,37000000.0,71.67655913978494,19162634.01940191,3.740433547246865,Overpaid,72645161.29032259,0.9866666666666666,Fair price,Fair price,stats + market value,"stats: overpaid, market value: fair price",12.991095105541458,27.241935483870968,-31.44352855037252,-39.66000496813635,-9.087601605075093,Loss,Bad deal,"Sound buy, went wrong",1.0125730994152047,Everton,False
Barcelona,Jasper Cillessen,GK,2016,Ajax,27.342915811088297,13000000.0,25.183655913978498,15540097.42428904,1.6205597189253562,Fair price,29058064.51612903,0.8666666666666668,Fair price,Fair price,stats + market value,,6.231921074810084,38.13870967741936,19.18697483825094,15.245472437371681,29.911272608797276,Profit,Good deal (resale),"Smart buy, paid off",1.2596491228070177,Valencia,False
Barcelona,Paco Alcácer,FW,2016,Valencia,23.000684462696782,30000000.0,58.11612903225807,16780235.54985682,3.463367892517692,Overpaid,60537634.408602156,0.9600000000000001,Fair price,Fair price,stats + market value,"stats: overpaid, market value: fair price",14.057836175516334,24.895938476327807,-19.16235438041393,-28.05351239923617,5.029290434405837,Break-even,Fair deal,"Sound buy, broke even",0.7222293106503633,Borussia Dortmund,False
Barcelona,Gerard Deulofeu,FW,2017,Everton,23.301848049281315,12000000.0,15.83901533652437,11807937.699225709,1.3413871024711619,Fair price,19798769.170655463,0.8,Fair price,Fair price,stats + market value,,3.9821915752416226,14.071617399663541,2.214793638380792,-0.30382260629851743,9.067609603087723,Break-even,Fair deal,"Sound buy, broke even",0.3489491405280879,Watford,False
Barcelona,Marlon,CB,2017,Fluminense,21.815195071868583,5000000.0,6.599589723551821,,,No data,8249487.154439776,0.8,Fair price,Fair price,market value only,,0.0,12.989185291997115,6.389595568445294,6.389595568445294,6.389595568445294,Profit,"Never played, sold at a profit","Smart buy, paid off",0.0,Sassuolo,False
Barcelona,Nélson Semedo,FB,2017,Benfica,23.65776865160849,35700000.0,47.121070626160005,19491110.579387914,2.417567251195584,Fair price,32997948.617759105,1.4280000000000002,Fair price,Fair price,stats + market value,,21.77699724712639,37.095401509951955,11.751328130918338,-2.021966797420511,49.2266106678796,Break-even,Fair deal,"Sound buy, broke even",1.6843965975544921,Wolves,False
Barcelona,Paulinho,MID,2017,Guangzhou Evergrande,29.062286105407257,40000000.0,52.79671778841457,52464030.523647025,1.0063412448766702,Fair price,32997948.617759105,1.6,Fair price,Fair price,stats + market value,,15.574930903002393,45.4621485219899,8.240361636577731,-1.6103131089433944,35.04272237805614,Break-even,Fair deal,"Sound buy, broke even",0.9350983519404572,Guangzhou Evergrande,False
Barcelona,Ousmane Dembélé,FW,2017,Dortmund,20.279260780287473,148000000.0,195.3478558171339,16173421.968827903,12.078325551243308,Overpaid,54446615.21930252,3.5878787878787883,Overpaid,Overpaid,stats + market value,,53.10568059227821,54.38737723393978,-87.85479799091591,-121.44254164846386,3.532933840471401,Break-even,Leaning bad deal,"Overpaid, as the numbers warned",2.8354070783018153,PSG,False
Barcelona,Philippe Coutinho,AM,2017,Liverpool,25.574264202600958,135000000.0,178.18892253589917,76040034.32355867,2.3433566820562675,Fair price,148490768.779916,1.1999999999999997,Fair price,Fair price,stats + market value,,34.77360921709911,22.952267708510277,-120.46304561028978,-142.45630620700075,-60.622342346545366,Loss,Bad deal (all tests agree),"Sound buy, went wrong",1.641346801346801,Aston Villa,False
Barcelona,Yerry Mina,CB,2017,Palmeiras,23.301848049281315,12400000.0,16.366982514408516,,,No data,14849076.877991598,1.1022222222222222,Fair price,Fair price,market value only,,2.5929029405783086,32.7435712569094,18.969491683079188,17.32955866036392,23.431528812734978,Profit,Good deal (resale),"Smart buy, paid off",0.14309055466950202,Everton,False
Barcelona,Arthur Melo,MID,2018,Grêmio,21.905544147843944,31000000.0,33.55539533765922,,,No data,40591204.03749099,0.8266666666666668,Fair price,Fair price,market value only,,11.329467006287981,93.43404255319149,71.20811422182025,64.04256753566821,90.7046027521592,Profit,Good deal (resale),"Smart buy, paid off",0.6908187134502922,Juventus,False
Barcelona,Clément Lenglet,CB,2018,Sevilla FC,23.069130732375086,35900000.0,38.8593126652247,14961177.951722872,2.597343123022597,Fair price,48709444.84498918,0.7977777777777778,Fair price,Fair price,stats + market value,,33.70456832890709,0.0,-5.154744336317613,-26.471868766208576,52.846283380154254,Break-even,Fair deal,"Sound buy, broke even",1.471169590643275,Atlético,False
Barcelona,Malcom,AM,2018,G. Bordeaux,21.404517453798768,41000000.0,44.37971641432348,12817739.530353859,3.462366847853889,Overpaid,60886806.056236476,0.7288888888888889,Fair price,Fair price,stats + market value,"stats: overpaid, market value: fair price",3.9554659067545423,45.22161290322581,4.797362395656869,2.2956493314322586,11.604187080382601,Profit,Good deal (resale),"Smart buy, paid off",0.24000000000000002,Zenit S-Pb,False
Barcelona,Arturo Vidal,MID,2018,Bayern Munich,31.208761122518823,18000000.0,19.483777937995672,43864869.2818477,0.4441772711735519,Fair price,47356404.71040615,0.4114285714285714,Bargain,Fair price,stats + market value,"stats: fair price, market value: bargain",19.480759405805085,1.1592312971859986,1.1562127649954128,-11.164780881618118,34.67997889686859,Break-even,Fair deal,"Sound buy, broke even",0.77906432748538,Inter,False
Barcelona,Emerson Royal,FB,2018,Atlético-MG,20.046543463381244,26000000.0,28.143234799327082,,,No data,8118240.807498198,3.4666666666666663,Overpaid,Overpaid,market value only,,1.2942082637853276,38.270625856555505,11.421599321013751,10.60305157021395,13.64875762923392,Profit,Good deal (resale),"Overpaid, but it paid off",0.0,Tottenham,False
Barcelona,Jean-Clair Todibo,CB,2018,Toulouse,19.08829568788501,1000000.0,1.0824321076664263,1682243.845959582,0.6434454257426561,Fair price,10824321.076664263,0.1,Bargain,Fair price,stats + market value,"stats: fair price, market value: bargain",4.012175919561631,20.36984924623116,23.299593058126362,20.762012618665477,30.204008045523445,Profit,Good deal,"Smart buy, paid off",0.05543859649122807,Nice,False
Barcelona,Frenkie de Jong,MID,2019,Ajax,22.135523613963038,86000000.0,93.71225806451612,12061695.735135145,7.7694098841787875,Overpaid,115778225.8064516,0.8094117647058824,Fair price,Fair price,stats + market value,"stats: overpaid, market value: fair price",69.45939890512118,35.0,10.747140840605056,-33.183837145426104,130.2774217731793,Break-even,Fair deal,"Sound buy, broke even",3.1413182465968843,,True
Barcelona,Neto,GK,2019,Valencia,29.949349760438057,26000000.0,28.331612903225807,22459596.24508146,1.2614480061915756,Fair price,24517741.93548387,1.1555555555555557,Fair price,Fair price,stats + market value,,5.450161286482827,0.0,-22.88145161674298,-26.328514494782706,-13.502457269397697,Loss,Bad deal,"Sound buy, went wrong",0.23333333333333334,Bournemouth,False
Barcelona,Antoine Griezmann,FW,2019,Atlético,28.314852840520192,120000000.0,130.76129032258063,109010629.16977614,1.1995278929995847,Fair price,177072580.64516127,0.7384615384615385,Fair price,Fair price,stats + market value,,44.54993081433821,23.930445982933506,-62.28091352530892,-90.45740311107765,14.383523969153487,Break-even,Leaning bad deal,"Sound buy, went wrong",0.775,Atlético,False
Barcelona,Marc Cucurella,FB,2019,SD Eibar,20.982888432580424,4000000.0,4.358709677419355,5688352.761411811,0.7662516479265524,Fair price,13620967.741935484,0.32,Bargain,Fair price,stats + market value,"stats: fair price, market value: bargain",0.0,13.678929306794783,9.320219629375428,9.320219629375428,9.320219629375428,Profit,"Never played, sold at a profit","Smart buy, paid off",0.0,Getafe,False
Barcelona,Junior Firpo,FB,2019,Real Betis,22.94866529774127,20000000.0,21.793548387096774,10365572.248244435,2.1024935107454237,Fair price,34052419.354838714,0.6399999999999999,Fair price,Fair price,stats + market value,,5.574101949941039,18.51804476930105,2.298598332145314,-1.22685328296647,11.89087788718965,Break-even,Fair deal,"Sound buy, broke even",0.3555555555555555,Leeds,False
Barcelona,Pedri,MID,2019,UD Las Palmas,16.76933607118412,23000000.0,25.06258064516129,,,No data,6810483.870967742,3.6799999999999997,Overpaid,Overpaid,market value only,,95.17712218360025,150.0,220.11454153843897,159.91787808713372,383.90156435013364,Profit,Good deal,"Overpaid, but it paid off",4.696566438377584,,True
Barcelona,Matheus Fernandes,MID,2019,Palmeiras,21.585215605749486,7000000.0,7.627741935483871,,,No data,4767338.70967742,1.5999999999999999,Fair price,Fair price,market value only,,0.0,0.0,-7.627741935483871,-7.627741935483871,-7.627741935483871,Loss,Never played,"Sound buy, went wrong",0.0,Palmeiras,False
Barcelona,Martin Braithwaite,FW,2019,CD Leganés,28.711841204654345,18000000.0,19.614193548387096,6512431.583897455,3.0118080006989816,Overpaid,13620967.741935484,1.44,Fair price,Fair price,stats + market value,"stats: overpaid, market value: fair price",10.559654253126018,0.0,-9.054539295261078,-15.73320259852178,9.117205052125506,Break-even,Fair deal,"Sound buy, broke even",0.28888888888888886,Espanyol,False
Barcelona,Francisco Trincão,AM,2020,Braga,20.5968514715948,30940000.0,35.866616334934804,6843982.108015884,5.240606385122882,Overpaid,23184625.943719972,1.5470000000000002,Fair price,Fair price,stats + market value,"stats: overpaid, market value: fair price",5.413737536234767,19.579455804218323,-10.873422994481714,-14.29744894741787,-1.5571090211159913,Loss,Bad deal,"Sound buy, went wrong",0.2633333333333333,Sporting,False
Barcelona,Miralem Pjanić,MID,2020,Juventus,30.417522245037645,60000000.0,69.55387783115992,65549526.97596469,1.061088935953169,Fair price,65206760.46671242,1.0666666666666667,Fair price,Fair price,stats + market value,,3.5612248079849147,0.0,-65.99265302317501,-68.24502046529173,-59.8642642309837,Loss,Bad deal,"Sound buy, went wrong",0.13333333333333333,Sharjah FC,False
Barcelona,Sergiño Dest,FB,2020,Ajax,19.90965092402464,21000000.0,24.34385724090597,6183521.785412507,3.9368919663767263,Overpaid,26082704.18668497,0.9333333333333332,Fair price,Fair price,stats + market value,"stats: overpaid, market value: fair price",12.146742795361764,0.0,-12.197114445544205,-19.87956345541718,8.705795767205515,Break-even,Fair deal,"Sound buy, broke even",0.2222222222222222,PSV,False
Barcelona,Ferran Torres,FW,2021,Man City,21.83983572895277,55000000.0,67.89949748743719,26707746.842712317,2.5423147031949935,Fair price,69442667.88487893,0.9777777777777779,Fair price,Fair price,stats + market value,,59.59021216433571,50.0,41.69071467689852,4.001700086515328,144.23745296014027,Profit,Good deal (resale),"Smart buy, paid off",2.7900531185360906,,True
Barcelona,Pablo Torre,AM,2022,Racing,19.24435318275154,6000000.0,6.885680312553084,,,No data,4303550.195345677,1.5999999999999999,Fair price,Fair price,market value only,,6.172423146265118,5.0,4.286742833712034,0.3828710808130946,14.908652673668865,Profit,Good deal (resale),"Smart buy, paid off",0.3468536760796822,RCD Mallorca,False
Barcelona,Raphinha,AM,2022,Leeds,25.57700205338809,58000000.0,66.56157635467981,32550044.60969425,2.0448996968457624,Fair price,64553252.930185154,1.0311111111111113,Fair price,Fair price,stats + market value,,133.80913356544175,70.0,137.24755721076195,52.61730999219698,367.51507432920283,Profit,Good deal,"Smart buy, paid off",4.210163108305523,,True
Barcelona,Robert Lewandowski,FW,2022,Bayern Munich,33.908281998631075,45000000.0,51.64260234414812,119456775.87059541,0.43231203895952525,Fair price,64553252.930185154,0.7999999999999999,Fair price,Fair price,stats + market value,,156.23718245961618,0.0,104.59458011546806,5.779267408710936,373.4577520674915,Profit,Good deal,"Smart buy, paid off",4.2324057916627575,Without Club,False
Barcelona,Jules Koundé,FB,2022,Sevilla FC,23.707049965776864,50000000.0,57.38066927127569,39593299.47893705,1.4492520205799269,Fair price,86071003.90691355,0.6666666666666666,Fair price,Fair price,stats + market value,,59.97172112569389,60.0,62.5910518544182,24.66074433540207,165.79431573460226,Profit,Good deal,"Smart buy, paid off",4.251380188439012,,True
Barcelona,Oriol Romeu,MID,2023,Girona,31.81656399726215,3400000.0,3.6983416519079055,10866105.306042543,0.3403557712487188,Bargain,6798422.154242473,0.544,Bargain,Bargain,stats + market value,,3.904626870759033,0.0,0.20628521885112727,-2.2632736861617087,6.925622762157951,Break-even,Fair deal,"Sound buy, broke even",0.0,Without Club,False
Barcelona,Vitor Roque,FW,2023,Athletico-PR,18.83915126625599,30000000.0,32.63242634036387,,,No data,54387377.23393978,0.6000000000000001,Bargain,Bargain,market value only,,2.757584355630178,26.610750695088047,-3.264091289645645,-5.0081803478779285,1.481340400225264,Break-even,Fair deal,"Sound buy, broke even",0.0,Palmeiras,False
Barcelona,Pau Víctor,FW,2024,Girona,22.65845311430527,5500000.0,5.7395736793327155,,,No data,1956672.845227062,2.9333333333333336,Overpaid,Overpaid,market value only,,3.6572617887184635,12.0,9.917688109385747,7.60458016918015,16.211343625273837,Profit,Good deal (resale),"Overpaid, but it paid off",0.15680426556587546,Braga,False
Barcelona,Dani Olmo,AM,2024,Leipzig,26.258726899383984,61000000.0,63.657089898053755,27444887.554368567,2.319451656413184,Fair price,78266913.8090825,0.8133333333333332,Fair price,Fair price,stats + market value,,38.89556812825201,60.0,35.238478230198254,10.63820275804136,102.17251824043024,Profit,Good deal (resale),"Smart buy, paid off",1.8262552772305094,,True
Barcelona,Joan García,GK,2025,Espanyol,24.15879534565366,25000000.0,25.0,11879505.988539511,2.104464615289406,Fair price,31250000.0,0.8,Fair price,Fair price,stats + market value,,13.672899337532268,45.0,33.67289933753227,25.025202276075788,57.20211964089921,Profit,Good deal (resale),"Smart buy, paid off",1.2473684210526315,,True
Barcelona,Roony Bardghji,AM,2025,Copenhagen,19.66050650239562,2500000.0,2.5,1981321.364802287,1.2617842034169309,Fair price,9375000.0,0.26666666666666666,Bargain,Fair price,stats + market value,"stats: fair price, market value: bargain",4.171969006110006,15.0,16.671969006110004,14.033324251694921,23.851366398009326,Profit,Good deal,"Smart buy, paid off",0.4364035087719298,,True
Real Madrid,Sergio Canales,AM,2010,Racing,19.370294318959616,6000000.0,18.95755875131533,,,No data,23696948.43914416,0.8,Fair price,Fair price,market value only,,0.0,21.267576075550892,2.310017324235563,2.310017324235563,2.310017324235563,Profit,"Never played, sold at a profit","Smart buy, paid off",0.0,Valencia,False
Real Madrid,Ángel Di María,AM,2010,Benfica,22.376454483230663,33000000.0,104.2665731322343,,,No data,37520168.361978255,2.7789473684210524,Overpaid,Overpaid,market value only,,93.54508637576292,184.40542261850604,173.68393586203464,114.51948590921435,334.6624446111575,Profit,Good deal (resale),"Overpaid, but it paid off",2.3245115002432075,Man Utd,False
Real Madrid,Sami Khedira,MID,2010,VfB Stuttgart,23.340177960301162,14000000.0,44.2343037530691,,,No data,71090845.3174325,0.6222222222222221,Fair price,Fair price,market value only,,26.35461547959393,0.0,-17.879688273475168,-34.54818887547209,27.4730594007287,Break-even,Fair deal,"Sound buy, broke even",1.0125,Juventus,False
Real Madrid,Ricardo Carvalho,CB,2010,Chelsea,32.2299794661191,8000000.0,25.276745001753774,,,No data,39494914.065240264,0.6400000000000001,Fair price,Fair price,market value only,,8.036907569664,0.0,-17.23983743208977,-22.3229394324534,-3.4094007341954224,Loss,Bad deal,"Sound buy, went wrong",0.0,AS Monaco,False
Real Madrid,Mesut Özil,AM,2010,Werder Bremen,21.83709787816564,18000000.0,56.87267625394599,,,No data,106636267.97614872,0.5333333333333333,Bargain,Bargain,market value only,,40.56838510382379,131.90653235019212,115.60224120006993,89.94395936899124,185.41497417613078,Profit,Good deal (resale),"Smart buy, paid off",0.32166666666666666,Arsenal,False
Real Madrid,Nuri Sahin,MID,2011,Borussia Dortmund,22.817248459958932,10000000.0,29.90538372157362,,,No data,74763459.30393405,0.4,Bargain,Bargain,market value only,,0.0,17.21117277772723,-12.69421094384639,-12.69421094384639,-12.69421094384639,Loss,Never played,"Sound buy, went wrong",0.0,Borussia Dortmund,False
Real Madrid,José Callejón,AM,2011,Espanyol,24.383299110198493,5000000.0,14.95269186078681,,,No data,24298124.27377857,0.6153846153846153,Fair price,Fair price,market value only,,11.929658920028412,26.661958666528196,23.6389257257698,16.093775729402807,44.16826379402153,Profit,Good deal (resale),"Smart buy, paid off",0.12833333333333333,SSC Napoli,False
Real Madrid,Raphaël Varane,CB,2011,Lens,18.182067077344286,11000000.0,32.89592209373098,,,No data,14952691.860786809,2.2,Fair price,Fair price,market value only,,110.72083291233156,49.38145271813613,127.20636353673672,57.17877115991802,317.74202137013384,Profit,Good deal,"Smart buy, paid off",8.663839293131746,Man Utd,False
Real Madrid,Fábio Coentrão,FB,2011,Benfica,23.315537303216974,30000000.0,89.71615116472087,,,No data,89716151.16472086,1.0,Fair price,Fair price,market value only,,15.256122588757751,0.0,-74.46002857596312,-84.109066663874,-48.20629405305241,Loss,Bad deal,"Sound buy, went wrong",1.8548459018404762,Rio Ave,False
Real Madrid,Luka Modrić,MID,2012,Tottenham,26.965092402464066,35000000.0,99.24868835257084,,,No data,141783840.50367263,0.7,Fair price,Fair price,market value only,,172.1564385265858,0.0,72.90775017401495,-35.97601257486415,369.16582015159804,Break-even,Leaning bad deal,"Sound buy, went wrong",16.310053540404713,AC Milan,False
Real Madrid,Asier Illarramendi,MID,2013,Real Sociedad,23.315537303216974,32200000.000000004,90.37000726970612,13901053.970503323,6.500946436253138,Overpaid,42097829.47346557,2.1466666666666674,Fair price,Fair price,stats + market value,"stats: overpaid, market value: fair price",12.314105919940507,33.623092236230924,-44.43280911353469,-52.221110259438746,-23.241889479252592,Loss,Bad deal,"Sound buy, went wrong",1.456908831908832,Real Sociedad,False
Real Madrid,Daniel Carvajal,FB,2013,Leverkusen,21.470225872689937,6500000.0,18.242392771835082,22141723.369396262,0.8238921816288818,Fair price,35081524.56122131,0.52,Bargain,Fair price,stats + market value,"stats: fair price, market value: bargain",125.60111407786903,0.0,107.35872130603394,27.91979922274722,323.50134113606373,Profit,Good deal,"Smart buy, paid off",16.324438245915918,Without Club,False
Real Madrid,Casemiro,MID,2013,São Paulo,21.352498288843258,6000000.0,16.83913178938623,,,No data,21048914.736732785,0.8,Fair price,Fair price,market value only,,4.938873253533567,16.811546118115462,4.911287582262801,1.7875989872441025,13.410424010028784,Profit,Good deal (resale),"Smart buy, paid off",0.40011396011396005,Porto,False
Real Madrid,Isco,AM,2013,Málaga CF,21.193702943189596,30000000.0,84.19565894693115,34774226.42666917,2.421208682369409,Fair price,87703811.40305327,0.9600000000000002,Fair price,Fair price,stats + market value,,114.37393042324126,0.0,30.178271476310115,-42.15979506041045,227.00041866371936,Break-even,Fair deal,"Sound buy, broke even",7.959414952505997,Sevilla FC,False
Real Madrid,Gareth Bale,AM,2013,Tottenham,24.128678986995208,101000000.0,283.4587184546682,205046817.01180065,1.38240974712792,Fair price,228029909.64793855,1.243076923076923,Fair price,Fair price,stats + market value,,155.0703093571287,0.0,-128.3884090975395,-226.4657097082246,138.46673122807283,Break-even,Leaning bad deal,"Sound buy, went wrong",7.873798084429033,Los Angeles FC,False
Real Madrid,Toni Kroos,MID,2014,Bayern Munich,24.531143052703626,25000000.0,61.468474206168686,109886560.03774115,0.5593811853338297,Fair price,129083795.83295423,0.4761904761904763,Bargain,Fair price,stats + market value,"stats: fair price, market value: bargain",189.7724009617014,0.0,128.30392675553273,8.278598284253484,454.87669815521235,Profit,Good deal,"Smart buy, paid off",15.831051613770683,Retired,False
Real Madrid,James Rodríguez,AM,2014,Monaco,23.028062970568104,75000000.0,184.40542261850604,36886639.209726095,4.999247059891617,Overpaid,184405422.61850607,0.9999999999999999,Fair price,Fair price,stats + market value,"stats: overpaid, market value: fair price",61.604657992055536,0.0,-122.8007646264505,-161.76385553633216,-16.78743608319641,Loss,Bad deal (all tests agree),"Sound buy, went wrong",2.4303534912621303,Everton,False
Real Madrid,Keylor Navas,GK,2014,Levante,27.633127994524298,10000000.0,24.587389682467474,9935781.579849178,2.4746306553611563,Fair price,30734237.103084344,0.8,Fair price,Fair price,stats + market value,,56.455058569218366,16.34516129032258,48.21283017707347,12.506705818119734,145.36439090481934,Profit,Good deal,"Smart buy, paid off",7.152631578947369,PSG,False
Real Madrid,Martin Ødegaard,AM,2014,Strømsgodset,16.098562628336754,3000000.0,7.376216904740242,,,No data,12293694.841233736,0.6000000000000001,Bargain,Bargain,market value only,,6.607798140652757,43.208771128369115,42.44035236428163,38.26111903907427,53.81148399726403,Profit,Good deal (resale),"Smart buy, paid off",0.0,Arsenal,False
Real Madrid,Lucas Silva,MID,2014,Cruzeiro,21.932922655715263,13000000.0,31.963606587207718,,,No data,36881084.52370121,0.8666666666666666,Fair price,Fair price,market value only,,4.073779147022431,0.0,-27.889827440185286,-30.466370065788116,-20.87940158599679,Loss,Bad deal,"Sound buy, went wrong",0.0,Without Club,False
Real Madrid,Danilo,CB,2015,Porto,23.96167008898015,31500000.0,70.60849369608493,20266525.118578184,3.4839960616316317,Overpaid,70048108.82548109,1.008,Fair price,Fair price,stats + market value,"stats: overpaid, market value: fair price",17.729702955480427,39.59753834131092,-13.281252399293585,-24.494755575444103,17.229181156494334,Break-even,Fair deal,"Sound buy, broke even",1.9159822038272885,Man City,False
Real Madrid,Marco Asensio,AM,2015,RCD Mallorca,19.44147843942505,3900000.0,8.74200398142004,,,No data,9806735.235567352,0.8914285714285715,Fair price,Fair price,market value only,,68.30455469581022,0.0,59.562550714390184,16.36197691175593,177.1055001274267,Profit,Good deal,"Smart buy, paid off",4.1805290137463205,PSG,False
Real Madrid,Casemiro,MID,2015,Porto,23.353867214236825,15000000.0,33.623092236230924,,,No data,28019243.530192435,1.2000000000000002,Fair price,Fair price,market value only,,136.20610849338084,81.07888568031255,183.6619019374625,97.51564026365875,418.0542904345955,Profit,Good deal,"Smart buy, paid off",11.327766890507704,Man Utd,False
Real Madrid,Lucas Vázquez,FB,2015,Espanyol,24.00273785078713,1000000.0,2.2415394824153947,12571348.686273172,0.17830541005222156,Bargain,14009621.765096217,0.16,Bargain,Bargain,stats + market value,,73.04995993674683,0.0,70.80842045433144,24.606520748212972,196.51757387329178,Profit,Good deal,"Smart buy, paid off",7.4997023281424715,Leverkusen,False
Real Madrid,Kiko Casilla,GK,2015,Espanyol,28.78302532511978,6000000.0,13.449236894492369,10711470.861839967,1.2555919787268246,Fair price,21014432.647644326,0.64,Fair price,Fair price,stats + market value,,8.837524129506232,0.0,-4.611712764986137,-10.20118062828682,10.596477323027997,Break-even,Fair deal,"Sound buy, broke even",1.3396761133603237,Leeds,False
Real Madrid,Jesús Vallejo,CB,2015,Real Zaragoza,18.56536618754278,5000000.0,11.207697412076975,,,No data,5603848.706038487,2.0,Fair price,Fair price,market value only,,13.56187592573697,1.0,3.3541785136599955,-5.223299583388582,26.692342461642802,Break-even,Fair deal,"Sound buy, broke even",0.34125168690958163,,True
Real Madrid,Mateo Kovacic,MID,2015,Inter,21.284052019164957,38000000.0,85.178500331785,12714101.50190537,6.699529677265823,Overpaid,61642335.76642335,1.381818181818182,Fair price,Fair price,stats + market value,"stats: overpaid, market value: fair price",17.84391922258174,49.03548387096774,-18.299097238235518,-29.584838763619793,12.407887147373685,Break-even,Fair deal,"Sound buy, broke even",2.645004346034634,Chelsea,False
Real Madrid,Álvaro Morata,FW,2016,Juventus,23.68788501026694,30000000.0,58.11612903225807,61803354.41926266,0.9403393970820559,Fair price,72645161.29032259,0.8,Fair price,Fair price,stats + market value,,17.143184054992112,87.11458435088403,46.14163937361806,35.29909173857351,75.64275280782826,Profit,Good deal (resale),"Smart buy, paid off",1.258696432663662,Chelsea,False
Real Madrid,Theo Hernández,FB,2017,Atlético,19.745379876796715,24000000.0,31.67803067304874,7197412.94978783,4.401307927452262,Overpaid,24748461.463319328,1.28,Fair price,Fair price,stats + market value,"stats: overpaid, market value: fair price",2.3670765801278195,24.844645161290323,-4.4663089316306,-5.963413582289736,-0.39288858720641784,Loss,Bad deal,"Sound buy, went wrong",0.2629020979020979,AC Milan,False
Real Madrid,Dani Ceballos,MID,2017,Real Betis,20.933607118412045,16500000.0,21.778646087721008,5303305.278516159,4.106617466648002,Overpaid,16498974.308879552,1.32,Fair price,Fair price,stats + market value,"stats: overpaid, market value: fair price",25.45321481488204,7.0,10.67456872716103,-5.423823100757055,54.47612712555506,Break-even,Fair deal,"Sound buy, broke even",1.4175788387857353,,True
Real Madrid,Omar Mascarell,MID,2018,Frankfurt,25.4072553045859,4000000.0,4.329728430665705,8168262.8113923725,0.5300672285699454,Fair price,10824321.076664263,0.4,Bargain,Fair price,stats + market value,"stats: fair price, market value: bargain",0.0,10.824321076664264,6.494592645998559,6.494592645998559,6.494592645998559,Profit,"Never played, sold at a profit","Smart buy, paid off",0.0,FC Schalke 04,False
Real Madrid,Lucas Torró,MID,2018,CA Osasuna,23.95071868583162,1750000.0,1.894256188416246,,,No data,1082432.1076664263,1.75,Fair price,Fair price,market value only,,0.0,3.788512376832492,1.894256188416246,1.894256188416246,1.894256188416246,Profit,"Never played, sold at a profit","Smart buy, paid off",0.0,Frankfurt,False
Real Madrid,Andriy Lunin,GK,2018,Zorya Lugansk,19.38398357289528,8500000.0,9.200672915164624,1284048.3306136392,7.165363402456725,Overpaid,4735640.471040615,1.9428571428571428,Fair price,Fair price,stats + market value,"stats: overpaid, market value: fair price",20.65864563063214,12.0,23.457972715467513,10.39200150457058,59.0087225756696,Profit,Good deal,"Smart buy, paid off",2.580161943319838,,True
Real Madrid,Álvaro Odriozola,FB,2018,Real Sociedad,22.55715263518138,32000000.0,34.63782744532564,12512169.76215183,2.7683310012386424,Fair price,33826003.36457582,1.0240000000000002,Fair price,Fair price,stats + market value,,9.706779634623379,3.263242634036387,-21.667805176665876,-27.807050968677114,-4.9637433079188575,Loss,Bad deal,"Sound buy, went wrong",0.19685254803675856,Real Sociedad,False
Real Madrid,Vinicius Junior,AM,2018,Flamengo,17.998631074606433,45000000.0,48.70944484498918,,,No data,47356404.71040615,1.0285714285714287,Fair price,Fair price,market value only,,297.0789454792162,140.0,388.36950063422705,200.47601437201632,899.6023988743744,Profit,Good deal,"Smart buy, paid off",9.539475174452487,,True
Real Madrid,Thibaut Courtois,GK,2018,Chelsea,26.245037645448324,35000000.0,37.88512376832492,84689244.68856359,0.4473427990489673,Fair price,87947608.74789713,0.4307692307692308,Bargain,Fair price,stats + market value,"stats: fair price, market value: bargain",107.84701122748201,15.0,84.9618874591571,16.751900750728318,270.55208479685643,Profit,Good deal,"Smart buy, paid off",6.449163292847502,,True
Real Madrid,Mariano Díaz,FW,2018,Lyon,25.075975359342916,21500000.0,23.272290314828165,59241237.23568346,0.3928393700192726,Fair price,29766882.96082672,0.7818181818181819,Fair price,Fair price,stats + market value,,13.777029814813654,0.0,-9.495260500014512,-18.2088169523847,14.213154345765457,Break-even,Fair deal,"Sound buy, broke even",0.25940765374975905,Sevilla FC,False
Real Madrid,Brahim Díaz,AM,2018,Man City,19.42778918548939,17000000.0,18.401345830329248,,,No data,6765200.672915164,2.7199999999999998,Overpaid,Overpaid,market value only,,39.218756405339654,35.0,55.81741057501041,31.01272825065091,123.30761413061323,Profit,Good deal,"Overpaid, but it paid off",1.4386856453689485,,True
Real Madrid,Eden Hazard,AM,2019,Chelsea,28.479123887748116,115000000.0,125.31290322580645,167861152.53617838,0.7465271227587831,Fair price,204314516.12903225,0.6133333333333333,Bargain,Fair price,stats + market value,"stats: fair price, market value: bargain",17.880188596961283,0.0,-107.43271462884516,-118.74139544124532,-76.66331552935746,Loss,Bad deal (all tests agree),"Sound buy, went wrong",0.9233648223121907,Without Club,False
Real Madrid,Rodrygo,AM,2019,Santos,18.472279260780287,45000000.0,49.03548387096774,,,No data,54483870.96774194,0.8999999999999999,Fair price,Fair price,market value only,,123.2600839366952,45.0,119.22460006572746,41.26630904486936,331.33862196866664,Profit,Good deal,"Smart buy, paid off",6.851745643950725,,True
Real Madrid,Éder Militão,CB,2019,Porto,21.44832306639288,50000000.0,54.483870967741936,19763885.5827025,2.7567388376011763,Fair price,68104838.70967743,0.7999999999999999,Fair price,Fair price,stats + market value,,65.26184664503782,20.0,30.777975677295885,-10.498176916640766,143.08483387967527,Break-even,Fair deal,"Sound buy, broke even",4.82408906882591,,True
Real Madrid,Ferland Mendy,FB,2019,Lyon,24.06297056810404,48000000.0,52.30451612903225,23341906.898968685,2.240798764018,Fair price,40862903.225806445,1.28,Fair price,Fair price,stats + market value,,48.47847419620033,4.0,0.17395806716807982,-30.487216896622677,83.59889020298512,Break-even,Fair deal,"Sound buy, broke even",6.401548444497627,,True
Real Madrid,Luka Jović,FW,2019,Frankfurt,21.522245037645447,63000000.0,68.64967741935484,23831725.51539958,2.880600373438961,Overpaid,81725806.45161289,0.8400000000000002,Fair price,Fair price,stats + market value,"stats: overpaid, market value: fair price",9.793280687720008,0.0,-58.85639673163484,-65.05035183468614,-42.00347818775697,Loss,Bad deal,"Sound buy, went wrong",0.8274050510892617,Fiorentina,False
Real Madrid,Alberto Soro,AM,2019,Real Zaragoza,20.37782340862423,2500000.0,2.7241935483870967,,,No data,4086290.322580645,0.6666666666666667,Fair price,Fair price,market value only,,0.0,2.8980782429649965,0.1738846945778998,0.1738846945778998,0.1738846945778998,Profit,"Never played, sold at a profit","Smart buy, paid off",0.0,Granada CF,False
Real Madrid,Reinier,AM,2019,Flamengo,18.001368925393567,30000000.0,32.69032258064516,,,No data,34052419.354838714,0.9599999999999999,Fair price,Fair price,market value only,,2.248428613805488,0.0,-30.44189396683967,-31.863957351971685,-26.57265081038625,Loss,Bad deal,"Sound buy, went wrong",0.0,Atlético-MG,False
Real Madrid,Eduardo Camavinga,MID,2021,Stade Rennais,18.806297056810404,31000000.0,38.270625856555505,10451526.210679326,3.6617260565687277,Overpaid,84874371.85929649,0.4509090909090909,Bargain,Fair price,stats + market value,"stats: overpaid, market value: bargain",39.75118898245171,50.0,51.480563125896204,26.339133231116385,119.887011516943,Profit,Good deal,"Smart buy, paid off",4.098083205360883,,True
Real Madrid,Aurélien Tchouaméni,MID,2022,Monaco,22.425735797399042,80000000.0,91.80907083404111,23713899.188226756,3.871529945595011,Overpaid,86071003.90691355,1.0666666666666664,Fair price,Fair price,stats + market value,"stats: overpaid, market value: fair price",54.84447830151578,70.0,33.03540746747467,-1.6520733759797963,127.41537623074188,Break-even,Fair deal,"Sound buy, broke even",2.7938373896722353,,True
Real Madrid,Fran García,FB,2023,Rayo Vallecano,23.87953456536619,5000000.0,5.438737723393978,10431069.852016374,0.5213978815742132,Fair price,16316213.170181934,0.33333333333333337,Bargain,Fair price,stats + market value,"stats: fair price, market value: bargain",16.791080071356166,10.0,21.35234234796219,10.732489878694015,50.247532195949404,Profit,Good deal,"Smart buy, paid off",0.8713768672343989,,True
Real Madrid,Jude Bellingham,AM,2023,Dortmund,20.005475701574266,127000000.0,138.14393817420705,52087154.916642524,2.6521690116360777,Fair price,163162131.70181936,0.8466666666666667,Fair price,Fair price,stats + market value,,115.02077904615881,130.0,106.87684087195174,34.12966206156321,304.8121275168993,Profit,Good deal (resale),"Smart buy, paid off",3.6276099787488176,,True
Real Madrid,Arda Güler,AM,2023,Fenerbahçe,18.357289527720738,28000000.0,30.456931251006278,4061149.2926818496,7.499584244757848,Overpaid,20395266.46272742,1.4933333333333332,Fair price,Fair price,stats + market value,"stats: overpaid, market value: fair price",30.732402103380725,90.0,90.27547085237444,70.8381520511325,143.1618003492324,Profit,Good deal,"Smart buy, paid off",0.20604960677555956,,True
Real Madrid,Joselu,FW,2024,Espanyol,34.26420260095825,1500000.0,1.5653382761816497,9040163.294135243,0.17315376119335749,Bargain,6522242.81742354,0.24,Bargain,Bargain,stats + market value,,0.0,1.5653382761816497,0.0,0.0,0.0,Break-even,Never played,"Sound buy, went wrong",0.0,Al-Gharafa SC,False
Real Madrid,Endrick,FW,2024,Palmeiras,18.001368925393567,47500000.0,49.56904541241891,,,No data,78266913.8090825,0.6333333333333333,Fair price,Fair price,market value only,,5.046474013866763,40.0,-4.522571398552145,-7.714314234004668,4.16173146189135,Break-even,Fair deal,"Sound buy, broke even",0.0,,True
Real Madrid,Trent Alexander-Arnold,FB,2025,Liverpool,26.650239561943874,10000000.0,10.0,97387251.23648256,0.10268284475672589,Bargain,93750000.0,0.10666666666666667,Bargain,Bargain,stats + market value,,4.922482092261198,60.0,54.92248209226119,51.809160413115265,63.39341153662997,Profit,Good deal (resale),"Smart buy, paid off",0.0,,True
Real Madrid,Dean Huijsen,CB,2025,Bournemouth,20.13141683778234,62500000.0,62.5,13462307.74720925,4.642591832960906,Overpaid,75000000.0,0.8333333333333334,Fair price,Fair price,stats + market value,"stats: overpaid, market value: fair price",8.993935199448021,60.0,6.493935199448018,0.8055420448448558,21.971287696377388,Profit,Good deal (resale),"Smart buy, paid off",0.0,,True
Real Madrid,Álvaro Carreras,FB,2025,Benfica,22.310746064339494,50000000.0,50.0,9900360.95723276,5.050320914155382,Overpaid,43750000.0,1.1428571428571428,Fair price,Fair price,stats + market value,"stats: overpaid, market value: fair price",9.559029100061881,50.0,9.559029100061878,3.513231071543551,26.00883217615511,Profit,Good deal (resale),"Smart buy, paid off",0.0,,True
Real Madrid,Franco Mastantuono,AM,2025,River Plate,18.001368925393567,45000000.0,45.0,,,No data,37500000.0,1.2,Fair price,Fair price,market value only,,4.565935888341145,45.0,4.565935888341144,1.6781189455205308,12.423297283003336,Profit,Good deal (resale),"Smart buy, paid off",0.0,,True
Atlético Madrid,Mario Suárez,CB,2010,RCD Mallorca,23.34839151266256,2600000.0,8.214942125569976,,,No data,15797965.626096109,0.5199999999999999,Bargain,Bargain,market value only,,27.446030035701696,33.623092236230924,52.854180146362644,35.49539270638864,100.0851054403248,Profit,Good deal,"Smart buy, paid off",1.3160623781676413,Fiorentina,False
Atlético Madrid,Filipe Luís,FB,2010,Deportivo,24.97741273100616,12000000.0,37.91511750263066,,,No data,39494914.065240264,0.9600000000000001,Fair price,Fair price,market value only,,44.23253092817385,49.17477936493495,55.492192790478136,27.51644907397472,131.6104277816189,Profit,Good deal,"Smart buy, paid off",1.8346965899597476,Chelsea,False
Atlético Madrid,Diego Godín,CB,2010,Villarreal,24.462696783025326,8000000.0,25.276745001753774,,,No data,47393896.87828832,0.5333333333333333,Bargain,Bargain,market value only,,127.86672295321144,0.0,102.58997795145766,21.718126485013173,322.6314058567333,Profit,Good deal,"Smart buy, paid off",2.628946355788461,Inter,False
Atlético Madrid,Juanfran Torres,FB,2010,CA Osasuna,25.976728268309376,4000000.0,12.638372500876887,,,No data,23696948.43914416,0.5333333333333333,Bargain,Bargain,market value only,,88.89851288840119,0.0,76.2601403875243,20.03450823044385,229.2425212824908,Profit,Good deal,"Smart buy, paid off",2.656860079491658,São Paulo,False
Atlético Madrid,Gabi,MID,2011,Real Zaragoza,27.975359342915812,3000000.0,8.971615116472085,,,No data,11214518.895590108,0.7999999999999999,Fair price,Fair price,market value only,,115.05967294812702,0.0,106.08805783165494,33.316279799590276,304.09027564937537,Profit,Good deal,"Smart buy, paid off",2.5031940963519914,Al-Sadd,False
Atlético Madrid,Arda Turan,AM,2011,Galatasaray,24.501026694045173,12000000.0,35.88646046588834,,,No data,57941680.96054889,0.6193548387096773,Fair price,Fair price,market value only,,39.543391171779405,76.21234240212343,79.86927310801448,54.85926907049929,147.91812942256254,Profit,Good deal,"Smart buy, paid off",1.551314017366649,Barcelona,False
Atlético Madrid,Radamel Falcao,FW,2011,Porto,25.516769336071185,40000000.0,119.62153488629448,,,No data,93454324.12991756,1.28,Fair price,Fair price,market value only,,31.580747784614516,120.68044449060132,32.639657388921336,12.66578549286018,86.98587567267083,Profit,Good deal (resale),"Smart buy, paid off",0.8316666666666667,Monaco,False
Atlético Madrid,Pizzi,AM,2011,Braga,22.236824093086927,13500000.0,40.37226802412438,,,No data,28036297.23897527,1.4399999999999997,Fair price,Fair price,market value only,,0.0,39.29130750856787,-1.0809605155565123,-1.0809605155565123,-1.0809605155565123,Loss,Never played,"Sound buy, went wrong",0.0,Benfica,False
Atlético Madrid,José María Giménez,CB,2012,Danubio FC,18.261464750171115,995000.0,2.8214984260230853,,,No data,354459.60125918157,7.96,Overpaid,Overpaid,market value only,,77.2946465100137,9.0,83.47314808399062,34.58661195217397,216.48683604501286,Profit,Good deal,"Overpaid, but it paid off",1.154561403508772,,True
Atlético Madrid,Léo Baptistão,FW,2013,Rayo Vallecano,20.84599589322382,7000000.0,19.645653754283934,9002026.570728444,2.182359005489384,Fair price,24557067.19285492,0.8,Fair price,Fair price,stats + market value,,2.528865610558622,13.560430107526884,-3.5563580361984286,-5.155789376208068,0.795479463629281,Break-even,Fair deal,"Sound buy, broke even",0.05144224196855776,Espanyol,False
Atlético Madrid,David Villa,FW,2013,Barcelona,31.60574948665298,5100000.0,14.313262020978295,39244741.67923856,0.3647179573244679,Fair price,42097829.47346557,0.34,Bargain,Fair price,stats + market value,"stats: fair price, market value: bargain",17.237223326707387,0.0,2.923961305729092,-7.978063336612778,32.58690367517345,Break-even,Fair deal,"Sound buy, broke even",1.0347322852586012,New York City FC,False
Atlético Madrid,Josuha Guilavogui,MID,2013,Saint-Étienne,22.954140999315538,10000000.0,28.06521964897705,13647249.352520118,2.056474453131795,Fair price,22802990.964793853,1.2307692307692306,Fair price,Fair price,stats + market value,,2.249339384440536,5.811612903225806,-20.004267361310706,-21.426906781440852,-16.133456891123096,Loss,Bad deal,"Sound buy, went wrong",0.0003508771929824561,VfL Wolfsburg,False
Atlético Madrid,Toby Alderweireld,CB,2013,Ajax,24.503764544832308,7000000.0,19.645653754283934,18849398.274369918,1.0422430184944795,Fair price,35081524.56122131,0.56,Bargain,Fair price,stats + market value,"stats: fair price, market value: bargain",4.687590071687895,35.864631718646315,20.906568036050274,17.941808485969055,28.973279913746772,Profit,Good deal (resale),"Smart buy, paid off",0.3286352244246981,Tottenham,False
Atlético Madrid,Mario Mandzukic,FW,2014,Bayern Munich,28.136892539356605,22000000.0,54.09225730142845,140499898.50414905,0.384998550727288,Fair price,92202711.30925304,0.5866666666666667,Bargain,Fair price,stats + market value,"stats: fair price, market value: bargain",,42.5892501658925,,,,No data,No performance data,No performance data,0.0,Juventus,False
Atlético Madrid,Jan Oblak,GK,2014,Benfica,21.519507186858316,16000000.0,39.33982349194795,3270776.2395869684,12.027671907301052,Overpaid,12293694.841233736,3.2,Overpaid,Overpaid,stats + market value,,177.31795939374953,15.0,152.97813590180158,40.82986664748117,458.11848889675093,Profit,Good deal,"Overpaid, but it paid off",1.9,,True
Atlético Madrid,Antoine Griezmann,FW,2014,Real Sociedad,23.353867214236825,54000000.0,132.77190428532435,28830815.7071273,4.605208039691421,Overpaid,92202711.30925304,1.4399999999999997,Fair price,Fair price,stats + market value,"stats: overpaid, market value: fair price",194.4693792425845,130.52970536145548,192.22718031871563,69.23115453777211,526.8828194410925,Profit,Good deal,"Smart buy, paid off",0.8566666666666667,Barcelona,False
Atlético Madrid,Raúl Jiménez,FW,2014,América,23.274469541409992,10500000.0,25.816759166590845,,,No data,30734237.103084344,0.84,Fair price,Fair price,market value only,,,49.31386861313868,,,,No data,No performance data,No performance data,0.0,Benfica,False
Atlético Madrid,André Moreira,GK,2014,GD Ribeirão,18.699520876112253,350000.0,0.8605586388863616,,,No data,307342.3710308434,2.8000000000000003,Overpaid,Overpaid,market value only,,1.3705644549079443,0.0,0.5100058160215827,-0.3568349261397845,2.8685628567343047,Break-even,Fair deal,"Overpaid, broke even",0.0,B SAD,False
Atlético Madrid,Ángel Correa,FW,2014,San Lorenzo,19.81656399726215,10500000.0,25.816759166590845,,,No data,15367118.551542172,1.68,Fair price,Fair price,market value only,,109.50354204122205,8.0,91.6867828746312,22.429090314169347,280.1276468846736,Profit,Good deal,"Smart buy, paid off",1.7930435541590295,Tigres UANL,False
Atlético Madrid,Luciano Vietto,FW,2015,Villarreal,21.585215605749486,20000000.0,44.8307896483079,,,No data,56038487.06038487,0.8,Fair price,Fair price,market value only,,6.849345461995066,11.986451612903226,-25.994992573409608,-30.326997304988744,-14.208190496489237,Loss,Bad deal,"Sound buy, went wrong",0.0,Sporting,False
Atlético Madrid,Yannick Carrasco,AM,2015,Monaco,21.845311430527037,15000000.0,33.623092236230924,27850930.121704966,1.2072520411096634,Fair price,25217319.17717319,1.3333333333333335,Fair price,Fair price,stats + market value,,35.73451589441201,34.77693891557996,36.88836257376105,14.287357442068917,98.3826569554777,Profit,Good deal,"Smart buy, paid off",0.04296296296296297,DL Pro,False
Atlético Madrid,Jackson Martínez,FW,2015,FC Porto,28.78028747433265,35000000.0,78.45388188453882,56794071.23107382,1.3813745023726038,Fair price,98067352.35567352,0.7999999999999999,Fair price,Fair price,stats + market value,,3.5307470397052585,94.14465826144658,19.221523416613024,16.988432245072516,25.297464069861434,Profit,Good deal (resale),"Smart buy, paid off",0.0,Guangzhou Evergrande,False
Atlético Madrid,Stefan Savic,CB,2015,Fiorentina,24.528405201916495,12000000.0,26.898473788984738,25765015.855962113,1.0439921302342354,Fair price,42028865.29528865,0.64,Fair price,Fair price,stats + market value,,69.85775232990008,0.0,42.95927854091534,-1.2236459895788165,163.17507212584232,Break-even,Fair deal,"Sound buy, broke even",1.493616711762823,Trabzonspor,False
Atlético Madrid,Filipe Luís,FB,2015,Chelsea,29.965776865160848,16000000.0,35.864631718646315,34675544.480822496,1.0342918115815443,Fair price,42028865.29528865,0.8533333333333334,Fair price,Fair price,stats + market value,,45.11242406364746,0.0,9.247792345001145,-19.28445728105314,86.88020504760567,Break-even,Fair deal,"Sound buy, broke even",0.1325925925925926,Flamengo,False
Atlético Madrid,Rafael Borré,FW,2015,Deportivo Cali,19.95071868583162,5000000.0,11.207697412076975,,,No data,2521731.917717319,4.444444444444445,Overpaid,Overpaid,market value only,,2.848915657590535,4.619712806486275,-3.739068948000165,-5.540922304212288,1.1635316254680745,Break-even,Fair deal,"Overpaid, broke even",0.0,River Plate,False
Atlético Madrid,Matías Kranevitter,MID,2015,River Plate,22.272416153319643,6000000.0,13.449236894492369,,,No data,19613470.471134704,0.6857142857142857,Fair price,Fair price,market value only,,2.399536907383407,11.219302530038096,0.1696025429291339,-1.3480322871522663,4.298882743574122,Break-even,Fair deal,"Sound buy, broke even",0.0,Zenit S-Pb,False
Atlético Madrid,Diogo Jota,AM,2016,Paços Ferreira,19.586584531143053,7000000.0,13.560430107526884,3929254.391718388,3.4511458805283604,Overpaid,7264516.129032258,1.866666666666667,Fair price,Fair price,stats + market value,"stats: overpaid, market value: fair price",1.6374063812190065,15.154049507329969,3.2310257810220904,2.1954155566120512,6.048781877864265,Profit,Good deal (resale),"Smart buy, paid off",0.0,Wolves,False
Atlético Madrid,Nico Gaitán,AM,2016,Benfica,28.40246406570842,25000000.0,48.43010752688173,41408635.23222269,1.1695654120277594,Fair price,60537634.408602156,0.8,Fair price,Fair price,stats + market value,,6.952817208460665,23.758523004786557,-17.718767313634505,-22.116214808724532,-5.753904281414023,Loss,Bad deal,"Sound buy, went wrong",0.02222222222222222,Dalian Yifang,False
Atlético Madrid,Sime Vrsaljko,FB,2016,Sassuolo,24.525667351129364,16000000.0,30.995268817204305,12159791.547151215,2.5489967239171833,Fair price,38744086.02150538,0.8,Fair price,Fair price,stats + market value,,13.35265078040447,0.0,-17.642618036799835,-26.08776753039647,5.335497583757721,Break-even,Fair deal,"Sound buy, broke even",0.28951267056530217,Olympiacos,False
Atlético Madrid,Axel Werner,GK,2016,Atl. Rafaela,20.399726214921287,800000.0,1.549763440860215,,,No data,1937204.301075269,0.7999999999999999,Fair price,Fair price,market value only,,4.992488623781919,0.0,3.4427251829217043,0.285126480887675,12.034126449847092,Profit,Good deal,"Smart buy, paid off",0.13333333333333333,Without Club,False
Atlético Madrid,Kévin Gameiro,FW,2016,Sevilla FC,29.22655715263518,32000000.0,61.99053763440861,29145023.6040627,2.1269681739344133,Fair price,48430107.526881725,1.28,Fair price,Fair price,stats + market value,,17.104210499749264,17.31891372266282,-27.567413411996526,-38.38531144706759,1.8666317768710528,Break-even,Fair deal,"Sound buy, broke even",0.22814814814814816,Valencia,False
Atlético Madrid,Vitolo,AM,2017,Sevilla FC,27.690622861054074,35600000.0,46.98907883168897,45498960.35945494,1.0327506048591366,Fair price,41247435.772198886,1.1392,Fair price,Fair price,stats + market value,,17.441441692690496,0.0,-29.547637138998475,-40.57882374763668,0.4667375641880156,Break-even,Leaning bad deal,"Sound buy, went wrong",0.5469890314509325,Without Club,False
Atlético Madrid,Diego Costa,FW,2017,Chelsea,29.234770704996578,60000000.0,79.19507668262185,117866371.19619614,0.6719056154770097,Fair price,82494871.54439777,0.9599999999999999,Fair price,Fair price,stats + market value,,20.00935445141657,0.0,-59.185722231205276,-71.84103632513514,-24.7523151393259,Loss,Bad deal (all tests agree),"Sound buy, went wrong",0.8428669517907539,Without Club,False
Atlético Madrid,Thomas Lemar,AM,2018,Monaco,22.633812457221083,72000000.0,77.93511175198269,66239725.883126326,1.1765615076591915,Fair price,87947608.74789713,0.8861538461538462,Fair price,Fair price,stats + market value,,33.686210420601995,1.8,-42.448901331380696,-63.75441493713075,15.520534894643063,Break-even,Leaning bad deal,"Sound buy, went wrong",0.8414558785022257,,True
Atlético Madrid,Rodri,MID,2018,Villarreal,22.023271731690624,20000000.0,21.648642153328527,22483156.03519065,0.9628827073674202,Fair price,33826003.36457582,0.6400000000000001,Fair price,Fair price,stats + market value,,13.943359728721628,76.27741935483871,68.57213693023182,59.7533818164639,92.56678318098074,Profit,Good deal (resale),"Smart buy, paid off",0.23666666666666664,Man City,False
Atlético Madrid,Nehuén Pérez,CB,2018,Argentinos U20,18.023271731690624,2000000.0,2.1648642153328526,,,No data,676520.0672915165,3.2,Overpaid,Overpaid,market value only,,1.5003189906951744,9.180907083404112,8.516361858766434,7.567455280373992,11.098208999298603,Profit,Good deal (resale),"Overpaid, but it paid off",0.0,Udinese,False
Atlético Madrid,Antonio Adán,GK,2018,Real Betis,31.159479808350444,1500000.0,1.6236481614996394,8287457.3690837165,0.19591632139872525,Bargain,6765200.672915164,0.24000000000000002,Bargain,Bargain,stats + market value,,2.4348396442387235,0.0,0.811191482739084,-0.7287712652351268,5.001222944128046,Break-even,Fair deal,"Sound buy, broke even",0.0,Sporting CP,False
Atlético Madrid,Jonny Otto,FB,2018,Celta de Vigo,24.39425051334702,7000000.0,7.577024753664984,11235037.132958472,0.6744102991379932,Fair price,16236481.614996396,0.4666666666666666,Bargain,Fair price,stats + market value,"stats: fair price, market value: bargain",0.0,22.73107426099495,15.154049507329967,15.154049507329967,15.154049507329967,Profit,"Never played, sold at a profit","Smart buy, paid off",0.0,Wolves,False
Atlético Madrid,Gelson Martins,AM,2018,Sporting,23.20602327173169,22000000.0,23.81350636866138,29582712.99885342,0.8049804752385068,Fair price,47356404.71040615,0.5028571428571429,Bargain,Fair price,stats + market value,"stats: fair price, market value: bargain",2.023469060966168,32.69032258064516,10.90028527294995,9.620502030164559,14.382403303456336,Profit,Good deal (resale),"Smart buy, paid off",0.0,Monaco,False
Atlético Madrid,Santiago Arias,FB,2018,PSV,26.546201232032853,11000000.0,11.90675318433069,12256346.02957503,0.9714765849135819,Fair price,24354722.42249459,0.4888888888888889,Bargain,Fair price,stats + market value,"stats: fair price, market value: bargain",7.014709350598778,0.0,-4.892043833731911,-9.328636244796403,7.179327248571077,Break-even,Fair deal,"Sound buy, broke even",0.0,Without Club,False
Atlético Madrid,Nikola Kalinic,FW,2018,AC Milan,30.570841889117045,14500000.0,15.69526556116318,26904896.53502039,0.5833609336030583,Fair price,18942561.88416246,0.8285714285714286,Fair price,Fair price,stats + market value,,2.76190783386276,0.0,-12.933357727300422,-14.68018125531005,-8.180485913041846,Loss,Bad deal,"Sound buy, went wrong",0.0,Hellas Verona,False
Atlético Madrid,Marcos Llorente,FB,2019,Real Madrid,24.416153319644078,30000000.0,32.69032258064516,9514403.971743204,3.435877084653126,Overpaid,27241935.48387097,1.2,Fair price,Fair price,stats + market value,"stats: overpaid, market value: fair price",84.39160911011338,20.0,71.70128652946822,18.326135283395544,216.92789234940594,Profit,Good deal,"Smart buy, paid off",1.3135742340926944,,True
Atlético Madrid,Nicolás Ibáñez,FW,2019,San Luis,24.854209445585216,900000.0,0.9807096774193548,,,No data,2043145.1612903224,0.48000000000000004,Bargain,Bargain,market value only,,2.8261666441905855,3.7036089538602104,5.549065920631441,3.7616006302913276,10.412518502531984,Profit,Good deal,"Smart buy, paid off",0.0,Pachuca,False
Atlético Madrid,Felipe,CB,2019,FC Porto,30.12457221081451,20000000.0,21.793548387096774,22297000.096989952,0.9774206526571643,Fair price,27241935.48387097,0.7999999999999999,Fair price,Fair price,stats + market value,,21.51575707712483,2.6395107864786818,2.361719476506739,-11.24634891174814,39.38744282632598,Break-even,Fair deal,"Sound buy, broke even",0.7203508771929825,Nottm Forest,False
Atlético Madrid,João Félix,FW,2019,Benfica,19.644079397672826,127200000.0,138.60696774193548,22462790.582384076,6.1705141769266545,Overpaid,95346774.1935484,1.4537142857142857,Fair price,Fair price,stats + market value,"stats: overpaid, market value: fair price",33.52521972392196,54.26506024096386,-50.81668777704965,-72.02037961550415,6.875705118553412,Break-even,Leaning bad deal,"Sound buy, went wrong",0.7064519507724536,Chelsea,False
Atlético Madrid,Renan Lodi,FB,2019,Athletico-PR,21.245722108145106,21750000.0,23.70048387096774,,,No data,5448387.096774194,4.35,Overpaid,Overpaid,market value only,,17.69478558480902,22.40759942038319,16.401901134224463,5.210482143461025,46.85224659262643,Profit,Good deal (resale),"Overpaid, but it paid off",0.42950510604870384,Marseille,False
Atlético Madrid,Kieran Trippier,FB,2019,Tottenham,28.824093086926762,22000000.0,23.97290322580645,59435281.191841304,0.4033446590153799,Fair price,47673387.0967742,0.5028571428571428,Bargain,Fair price,stats + market value,"stats: fair price, market value: bargain",22.17606242832183,17.28350845134765,15.486667653863034,1.460976016562796,53.64868768021513,Profit,Good deal (resale),"Smart buy, paid off",0.9407645980623198,Newcastle,False
Atlético Madrid,Mario Hermoso,CB,2019,Espanyol,24.082135523613964,25000000.0,27.241935483870968,9527864.86988915,2.8591857520947306,Overpaid,34052419.354838714,0.7999999999999999,Fair price,Fair price,stats + market value,"stats: overpaid, market value: fair price",38.819373211496625,0.0,11.577437727625657,-12.974646754350049,78.38035653685435,Break-even,Fair deal,"Sound buy, broke even",0.9301963864886096,Without Club,False
Atlético Madrid,Álvaro Morata,FW,2020,Chelsea,27.68788501026694,35000000.0,40.573095401509946,73494718.87294272,0.55205456968483,Fair price,52165408.37336994,0.7777777777777777,Fair price,Fair price,stats + market value,,37.64999978811069,17.949212233549584,15.026116620150333,-8.786374388084134,79.81670108707736,Break-even,Fair deal,"Sound buy, broke even",0.0,AC Milan,False
Atlético Madrid,Luis Suárez,FW,2020,Barcelona,33.43463381245722,9000000.0,10.433081674673987,60195745.609020054,0.1733192531983629,Bargain,40573095.401509956,0.2571428571428571,Bargain,Bargain,stats + market value,,43.63374052279174,0.0,33.200658848117754,5.603632030000119,108.28845610868127,Profit,Good deal,"Smart buy, paid off",1.1714794448808588,Without Club,False
Atlético Madrid,Ivo Grbic,GK,2020,NK Lokomotiva,24.588637919233403,3500000.0,4.057309540150995,,,No data,2898078.2429649965,1.4,Fair price,Fair price,market value only,,4.217106628609637,2.719368861696989,2.87916595015563,0.21197300886260084,10.136239117875864,Profit,Good deal,"Smart buy, paid off",0.0,Sheff Utd,False
Atlético Madrid,Yannick Carrasco,AM,2020,DL Pro,27.01163586584531,27000000.0,31.299245024021964,,,No data,32603380.23335621,0.9600000000000001,Fair price,Fair price,market value only,,55.46594999927046,16.316213170181936,40.482918145430425,5.402375169228513,135.9323560920652,Profit,Good deal,"Smart buy, paid off",0.9591149515579994,Al-Shabab,False
Atlético Madrid,Geoffrey Kondogbia,MID,2020,Valencia,27.71526351813826,16000000.0,18.547700754975978,16909058.19798696,1.0969091558975237,Fair price,25358184.625943717,0.7314285714285715,Fair price,Fair price,stats + market value,,13.418328136406197,8.701980357430365,3.572607738860583,-4.914080704484718,26.663745253323654,Break-even,Fair deal,"Sound buy, broke even",0.20842105263157895,Marseille,False
Atlético Madrid,Rodrigo De Paul,MID,2021,Udinese,27.134839151266256,35000000.0,43.208771128369115,17825525.24484041,2.4239830543493173,Fair price,58640475.10278666,0.7368421052631579,Fair price,Fair price,stats + market value,,40.808712359432256,15.0,12.599941231063141,-13.210340351553853,82.82624508207317,Break-even,Fair deal,"Sound buy, broke even",0.0,Miami,False
Atlético Madrid,Matheus Cunha,FW,2021,Hertha BSC,22.247775496235455,35000000.0,43.208771128369115,7750292.687034338,5.575114756718049,Overpaid,46295111.92325263,0.9333333333333332,Fair price,Fair price,stats + market value,"stats: overpaid, market value: fair price",8.487996237231076,54.38737723393978,19.666602342801745,14.298200345072658,34.273301951255455,Profit,Good deal (resale),"Smart buy, paid off",0.0,Wolves,False
Atlético Madrid,Daniel Wass,MID,2021,Valencia,32.65982203969884,2700000.0,3.3332480584741893,11001568.784672812,0.3029793408298288,Bargain,9259022.384650525,0.36000000000000004,Bargain,Bargain,stats + market value,,1.4646785170096546,2.008323424494649,0.1397538830301146,-0.7866111690956075,2.6602685631702885,Break-even,Fair deal,"Sound buy, broke even",0.0,Bröndby IF,False
Atlético Madrid,Reinildo Mandava,FB,2021,Lille,28.027378507871322,3000000.0,3.7036089538602104,14322162.019528376,0.2585928680886525,Bargain,15431703.974417541,0.24000000000000002,Bargain,Bargain,stats + market value,,13.72603978311598,0.0,10.022430829255768,1.341124036331629,33.643098690327314,Profit,Good deal,"Smart buy, paid off",0.0,Sunderland,False
Atlético Madrid,Samuel Lino,AM,2022,Gil Vicente,22.54072553045859,6500000.0,7.45948700526584,5145776.221278225,1.44963299694616,Fair price,10041617.122473247,0.7428571428571428,Fair price,Fair price,stats + market value,,18.05611646071805,22.0,32.59662945545221,21.176679567424372,63.66877674035739,Profit,Good deal,"Smart buy, paid off",0.0,Flamengo,False
Atlético Madrid,Nahuel Molina,FB,2022,Udinese,24.309377138945926,20000000.0,22.952267708510277,9709392.331933502,2.363924221397656,Fair price,28690334.635637846,0.7999999999999999,Fair price,Fair price,stats + market value,,28.210910723929935,15.0,20.258643015419658,2.4160915750920964,68.80582507210887,Profit,Good deal,"Smart buy, paid off",0.0,,True
Atlético Madrid,Memphis Depay,FW,2022,Barcelona,28.933607118412045,3000000.0,3.442840156276542,40621554.902696624,0.08475402196009961,Bargain,28690334.635637846,0.12000000000000001,Bargain,Bargain,stats + market value,,6.805898406126287,0.0,3.3630582498497454,-0.9414675273327902,15.075093788683859,Break-even,Fair deal,"Sound buy, broke even",0.0,Without Club,False
Atlético Madrid,Antoine Griezmann,FW,2023,Barcelona,32.27926078028747,22000000.0,23.930445982933506,62435573.30917017,0.3832822334221882,Fair price,33992110.77121236,0.7040000000000001,Fair price,Fair price,stats + market value,,50.66160247122412,0.0,26.731156488290615,-5.310781362920999,113.91295868256996,Break-even,Fair deal,"Sound buy, broke even",0.0,Orlando,False
Atlético Madrid,Javi Galán,FB,2023,Celta de Vigo,28.618754277891856,5000000.0,5.438737723393978,9912693.329969756,0.5486639747999318,Fair price,16316213.170181934,0.33333333333333337,Bargain,Fair price,stats + market value,"stats: fair price, market value: bargain",7.573421906251309,0.5,2.63468418285733,-2.1552770936132344,15.667524408147383,Break-even,Fair deal,"Sound buy, broke even",0.0,CA Osasuna,False
Atlético Madrid,Santiago Mouriño,FB,2023,Racing Club,21.385352498288842,2700000.0,2.936918370632748,,,No data,679842.2154242473,4.319999999999999,Overpaid,Overpaid,market value only,,1.4700230336158284,2.087117701575533,0.6202223645586136,-0.3095229333664209,3.14993423876402,Break-even,Fair deal,"Overpaid, broke even",0.0,Alavés,False
Atlético Madrid,Samu Aghehowa,FW,2023,Granada CF,19.293634496919918,6000000.0,6.526485268072774,,,No data,271936.8861696989,24.0,Overpaid,Overpaid,market value only,,0.0,33.393883225208526,26.86739795713575,26.86739795713575,26.86739795713575,Profit,"Never played, sold at a profit","Overpaid, but it paid off",0.0,Porto,False
Atlético Madrid,Horațiu Moldovan,GK,2023,FC Rapid 1923,26.00958247775496,800000.0,0.8701980357430366,,,No data,3535179.520206086,0.24615384615384617,Bargain,Bargain,market value only,,3.0319142504908365,1.8,3.9617162147478,2.0441217596649652,9.179232747242947,Profit,Good deal,"Smart buy, paid off",0.0,,True
Atlético Madrid,Arthur Vermeeren,MID,2023,Royal Antwerp,18.965092402464066,20000000.0,21.754950893575913,4403634.809705933,4.940225934636182,Overpaid,40790532.92545484,0.5333333333333333,Bargain,Fair price,stats + market value,"stats: overpaid, market value: bargain",1.7630299963147464,20.0,0.008079102738832944,-1.1069842749706638,3.042016540635661,Break-even,Fair deal,"Sound buy, broke even",0.0,Leipzig,False
Atlético Madrid,Robin Le Normand,CB,2024,Real Sociedad,27.707049965776864,34500000.0,36.00278035217795,29053119.006186914,1.2392053446829956,Fair price,52177942.53938832,0.6900000000000002,Fair price,Fair price,stats + market value,,12.053719860514256,20.0,-3.949060491663694,-11.572675296700488,16.793769764870405,Break-even,Fair deal,"Sound buy, broke even",0.0,,True
Atlético Madrid,Alexander Sørloth,FW,2024,Villarreal,28.66255989048597,32000000.0,33.393883225208526,45067753.58964527,0.7409706622892577,Fair price,32611214.087117705,1.0239999999999998,Fair price,Fair price,stats + market value,,20.02963965743893,18.0,4.635756432230409,-8.032387443604527,39.1040716346441,Break-even,Fair deal,"Sound buy, broke even",0.0,,True
Atlético Madrid,Julián Alvarez,FW,2024,Man City,24.531143052703626,75000000.0,78.2669138090825,196392241.44965115,0.39852345098443054,Fair price,117400370.71362373,0.6666666666666667,Fair price,Fair price,stats + market value,,35.460693847427926,100.0,57.19378003834544,34.76595910501614,118.2168635153111,Profit,Good deal (resale),"Smart buy, paid off",0.0,,True
Atlético Madrid,Conor Gallagher,MID,2024,Chelsea,24.539356605065024,42000000.0,43.829471733086194,42435780.1392802,1.032842370029058,Fair price,65222428.17423541,0.6719999999999999,Fair price,Fair price,stats + market value,,10.669882005758318,40.0,6.840410272672123,0.0920312354622439,25.20184175306575,Profit,Good deal (resale),"Smart buy, paid off",0.0,Tottenham,False
Atlético Madrid,Juan Musso,GK,2025,Atalanta,31.096509240246405,3000000.0,3.0,8275443.301554013,0.3625183438132724,Fair price,4375000.0,0.6857142857142857,Fair price,Fair price,stats + market value,,1.8997125363742864,3.0,1.8997125363742864,0.6982015683734817,5.168862237397825,Profit,Good deal (resale),"Smart buy, paid off",0.0,,True
Atlético Madrid,Matteo Ruggeri,FB,2025,Atalanta,22.973305954825463,17000000.0,17.0,24153867.305655967,0.7038210397065157,Fair price,20000000.0,0.85,Fair price,Fair price,stats + market value,,4.7772199321213975,28.0,15.777219932121398,12.755772194585894,23.998172741447583,Profit,Good deal (resale),"Smart buy, paid off",0.0,,True
Atlético Madrid,Álex Baena,AM,2025,Villarreal,23.95071868583162,42000000.0,42.0,34593352.83397181,1.214106079904305,Fair price,68750000.0,0.610909090909091,Bargain,Fair price,stats + market value,"stats: fair price, market value: bargain",5.707069631316623,40.0,3.707069631316621,0.0975199621554026,13.528168677463754,Profit,Good deal (resale),"Smart buy, paid off",0.0,,True
Atlético Madrid,Johnny Cardoso,MID,2025,Real Betis,23.81930184804928,24000000.0,24.0,11325319.39963442,2.119145531628425,Fair price,31250000.0,0.768,Fair price,Fair price,stats + market value,,2.9410851953727697,20.0,-1.0589148046272285,-2.919062617732436,4.0022971435173815,Break-even,Fair deal,"Sound buy, broke even",0.0,,True
Atlético Madrid,Thiago Almada,AM,2025,Botafogo,24.22450376454483,21000000.0,21.0,10909633.46383965,1.924904266454525,Fair price,31250000.0,0.672,Fair price,Fair price,stats + market value,,4.414173957121115,15.0,-1.5858260428788853,-4.377658134626259,6.010373485145514,Break-even,Fair deal,"Sound buy, broke even",0.0,,True
Atlético Madrid,Marc Pubill,CB,2025,UD Almería,22.091718001368925,16000000.0,16.0,2439008.0659463718,6.5600439061245,Overpaid,5000000.0,3.2,Overpaid,Overpaid,stats + market value,,4.145568586864926,35.0,23.145568586864925,20.52362130255409,30.279534408971763,Profit,Good deal (resale),"Overpaid, but it paid off",0.0,,True
Atlético Madrid,Dávid Hancko,CB,2025,Feyenoord,27.61122518822724,26000000.0,26.0,23284590.966103055,1.1166182836473248,Fair price,37500000.0,0.6933333333333334,Fair price,Fair price,stats + market value,,7.90844884996155,35.0,16.90844884996155,11.906593121179839,30.517825373188302,Profit,Good deal (resale),"Smart buy, paid off",0.0,,True
Atlético Madrid,Santiago Mouriño,FB,2025,Alavés,23.460643394934976,4000000.0,4.0,4732447.295510066,0.8452286418054822,Fair price,3750000.0,1.0666666666666667,Fair price,Fair price,stats + market value,,0.0,10.0,6.0,6.0,6.0,Profit,"Never played, sold at a profit","Smart buy, paid off",0.0,Villarreal,False
Atlético Madrid,Giacomo Raspadori,FW,2025,Napoli,25.478439425051334,22000000.0,22.0,18931924.54424993,1.162058297273423,Fair price,31250000.0,0.704,Fair price,Fair price,stats + market value,,1.8353909049139268,22.0,1.8353909049139254,0.6745614317180291,4.993851731577923,Profit,Good deal (resale),"Smart buy, paid off",0.0,Atalanta,False
Atlético Madrid,Obed Vargas,MID,2025,Seattle,20.49555099247091,3000000.0,3.0,,,No data,10000000.0,0.3,Bargain,Bargain,market value only,,2.289950785817615,10.0,9.289950785817615,7.841625877359023,13.230648014200451,Profit,Good deal (resale),"Smart buy, paid off",0.0,,True
Atlético Madrid,Rodrigo Mendoza,MID,2025,Elche CF,20.8870636550308,16000000.0,16.0,3237289.1484847926,4.942406830569574,Overpaid,18750000.0,0.8533333333333334,Fair price,Fair price,stats + market value,"stats: overpaid, market value: fair price",1.9888710459431826,20.0,5.988871045943181,4.730970005714877,9.41145054717068,Profit,Good deal (resale),"Smart buy, paid off",0.0,,True
Atlético Madrid,Ademola Lookman,AM,2025,Atalanta,28.28747433264887,35000000.0,35.0,61168699.875807464,0.5721880646647957,Fair price,43750000.0,0.8,Fair price,Fair price,stats + market value,,3.3046308104838134,40.0,8.304630810483815,6.214551344267456,13.991455853342735,Profit,Good deal (resale),"Smart buy, paid off",0.0,,True
