player,signing_season,fee_actual_m,fee_football_m,verdict_football,fee_cpi_m,verdict_cpi,fee_nominal_m,verdict_nominal
David Villa,2010,40.0,126.38372500876886,Leaning bad deal,55.322223840667604,Fair deal,40.0,Fair deal
Adriano,2010,9.5,30.016134689582604,Fair deal,13.139028162158557,Fair deal,9.5,Fair deal
Javier Mascherano,2010,22.0,69.51104875482288,Fair deal,30.427223112367184,Good deal,22.0,Good deal
Ibrahim Afellay,2010,3.0,9.478779375657664,Fair deal,4.149166788050071,Fair deal,3.0,Fair deal
Alexis Sánchez,2011,26.0,77.75399767609142,Good deal (resale),35.01406572194153,Good deal,26.0,Good deal
Cesc Fàbregas,2011,34.0,101.67830465335031,Good deal (resale),45.787624405615844,Good deal,34.0,Good deal
Jordi Alba,2012,14.0,39.69947534102833,Good deal,18.393880679443956,Good deal,14.0,Good deal
Alex Song,2012,19.0,53.877859391395596,Bad deal,24.963123779245368,Fair deal,19.0,Fair deal
Neymar,2013,88.0,246.97393291099803,Good deal,114.02236544034011,Good deal,88.0,Good deal
Claudio Bravo,2014,12.0,29.50486761896097,Good deal,15.486558145645617,Good deal,12.0,Good deal
Marc-André ter Stegen,2014,12.0,29.50486761896097,Good deal,15.486558145645617,Good deal,12.0,Good deal
Ivan Rakitic,2014,18.0,44.25730142844145,Good deal,23.229837218468425,Good deal,18.0,Good deal
Luis Suárez,2014,81.72,200.9281484851242,Fair deal,105.46346097184666,Good deal,81.72,Good deal
Jérémy Mathieu,2014,20.0,49.17477936493495,Fair deal,25.810930242742696,Fair deal,20.0,Fair deal
Thomas Vermaelen,2014,19.0,46.7160403966882,Bad deal,24.52038373060556,Fair deal,19.0,Fair deal
Douglas,2014,4.0,9.834955872986988,Fair deal,5.16218604854854,Fair deal,4.0,Fair deal
Aleix Vidal,2015,17.0,38.10617120106171,Fair deal,21.895499706917455,Fair deal,17.0,Fair deal
Arda Turan,2015,34.0,76.21234240212343,Bad deal,43.79099941383491,Bad deal,34.0,Bad deal
Denis Suárez,2016,3.25,6.2959139784946245,Good deal,4.17754925721978,Good deal,3.25,Good deal
Lucas Digne,2016,16.5,31.96387096774194,Fair deal,21.20909622896196,Good deal (resale),16.5,Good deal (resale)
Samuel Umtiti,2016,25.0,48.43010752688173,Fair deal,32.134994286306,Fair deal,25.0,Fair deal
André Gomes,2016,37.0,71.67655913978494,Bad deal,47.55979154373287,Fair deal,37.0,Fair deal
Jasper Cillessen,2016,13.0,25.183655913978498,Good deal (resale),16.71019702887912,Good deal (resale),13.0,Good deal (resale)
Paco Alcácer,2016,30.0,58.11612903225807,Fair deal,38.5619931435672,Fair deal,30.0,Fair deal
Gerard Deulofeu,2017,12.0,15.83901533652437,Fair deal,15.196844588597912,Good deal (resale),12.0,Good deal (resale)
Marlon,2017,5.0,6.599589723551821,"Never played, sold at a profit",6.332018578582463,"Never played, sold at a profit",5.0,"Never played, sold at a profit"
Nélson Semedo,2017,35.7,47.121070626160005,Fair deal,45.21061265107879,Good deal (resale),35.7,Good deal (resale)
Paulinho,2017,40.0,52.79671778841457,Fair deal,50.65614862865971,Good deal (resale),40.0,Good deal (resale)
Ousmane Dembélé,2017,148.0,195.3478558171339,Leaning bad deal,187.42774992604092,Bad deal (all tests agree),148.0,Bad deal (all tests agree)
Philippe Coutinho,2017,135.0,178.18892253589917,Bad deal (all tests agree),170.96450162172653,Bad deal (all tests agree),135.0,Bad deal (all tests agree)
Yerry Mina,2017,12.4,16.366982514408516,Good deal (resale),15.70340607488451,Good deal (resale),12.4,Good deal (resale)
Arthur Melo,2018,31.0,33.55539533765922,Good deal (resale),38.564356765433466,Good deal (resale),31.0,Good deal (resale)
Clément Lenglet,2018,35.9,38.8593126652247,Fair deal,44.66001315738908,Fair deal,35.9,Fair deal
Malcom,2018,41.0,44.37971641432348,Good deal (resale),51.00447185105717,Good deal (resale),41.0,Good deal (resale)
Arturo Vidal,2018,18.0,19.483777937995672,Fair deal,22.392207154122662,Fair deal,18.0,Fair deal
Emerson Royal,2018,26.0,28.143234799327082,Good deal (resale),32.34429922262162,Good deal (resale),26.0,Good deal (resale)
Jean-Clair Todibo,2018,1.0,1.0824321076664263,Good deal,1.24401150856237,Good deal,1.0,Good deal
Frenkie de Jong,2019,86.0,93.71225806451612,Fair deal,105.71639302012235,Leaning bad deal,86.0,Leaning bad deal
Neto,2019,26.0,28.331612903225807,Bad deal,31.96076998282769,Bad deal,26.0,Bad deal
Antoine Griezmann,2019,120.0,130.76129032258063,Leaning bad deal,147.51124607458934,Bad deal (all tests agree),120.0,Bad deal (all tests agree)
Marc Cucurella,2019,4.0,4.358709677419355,"Never played, sold at a profit",4.917041535819644,"Never played, sold at a profit",4.0,"Never played, sold at a profit"
Junior Firpo,2019,20.0,21.793548387096774,Fair deal,24.58520767909822,Fair deal,20.0,Fair deal
Pedri,2019,23.0,25.06258064516129,Good deal,28.272988830962955,Good deal,23.0,Good deal
Matheus Fernandes,2019,7.0,7.627741935483871,Never played,8.604822687684377,Never played,7.0,Never played
Martin Braithwaite,2019,18.0,19.614193548387096,Fair deal,22.126686911188397,Fair deal,18.0,Fair deal
Francisco Trincão,2020,30.94,35.866616334934804,Bad deal,37.91955760674471,Bad deal,30.94,Bad deal
Miralem Pjanić,2020,60.0,69.55387783115992,Bad deal,73.53501798334463,Bad deal,60.0,Bad deal
Sergiño Dest,2020,21.0,24.34385724090597,Fair deal,25.73725629417062,Fair deal,21.0,Fair deal
Ferran Torres,2021,55.0,67.89949748743719,Good deal (resale),65.69892769792,Good deal (resale),55.0,Good deal (resale)
Pablo Torre,2022,6.0,6.885680312553084,Good deal (resale),6.611767295999999,Good deal (resale),6.0,Good deal (resale)
Raphinha,2022,58.0,66.56157635467981,Good deal,63.913750527999994,Good deal,58.0,Good deal
Robert Lewandowski,2022,45.0,51.64260234414812,Good deal,49.58825472,Fair deal,45.0,Fair deal
Jules Koundé,2022,50.0,57.38066927127569,Good deal,55.0980608,Good deal (resale),50.0,Good deal (resale)
Oriol Romeu,2023,3.4,3.6983416519079055,Fair deal,3.5547135999999995,Fair deal,3.4,Fair deal
Vitor Roque,2023,30.0,32.63242634036387,Fair deal,31.365119999999997,Fair deal,30.0,Fair deal
Pau Víctor,2024,5.5,5.7395736793327155,Good deal (resale),5.615499999999999,Good deal (resale),5.5,Good deal (resale)
Dani Olmo,2024,61.0,63.657089898053755,Good deal (resale),62.28099999999999,Good deal (resale),61.0,Good deal (resale)
Joan García,2025,25.0,25.0,Good deal (resale),25.0,Good deal (resale),25.0,Good deal (resale)
Roony Bardghji,2025,2.5,2.5,Good deal,2.5,Good deal,2.5,Good deal
